CREATEDDATE,ID,ISDELETED,LASTACTIVITYDATE,LASTMODIFIEDDATE,LASTREFERENCEDDATE,LASTVIEWEDDATE,NAME,SYSTEMMODSTAMP,GVP__ATTACHMENTS__C,GVP__BRAND_KEY__C,GVP__CUSTOM_1__C,GVP__CUSTOM_2__C,GVP__CUSTOM_PICKLIST_1__C,GVP__CUSTOM_PICKLIST_2__C,GVP__KEY_BRAND__C,GVP__OWNERSHIP__C,GVP__VISIBLE_ON_AUTH__C
2013-03-01T19:46:40.000Z,a09A000000Zl9sIIAR,FALSE,,2015-03-24T18:46:59.000Z,,,6 Apples,2016-08-25T03:29:59.000Z,,SA,Vodka,Spirits,,,FALSE,Owned,TRUE
2012-09-24T17:53:27.000Z,a09A000000VJV6xIAH,FALSE,,2019-04-24T05:27:41.000Z,,,Cloud Rum,2019-04-24T05:27:41.000Z,1,CR,,,,,FALSE,Owned,TRUE
2011-04-07T15:31:43.000Z,a09A000000EPYSKIA5,FALSE,,2019-04-24T05:27:51.000Z,2019-04-19T17:27:42.000Z,2019-04-19T17:27:42.000Z,Griffin Bay,2019-04-24T05:27:51.000Z,6,GB,,,,,FALSE,,TRUE
2011-04-07T15:31:43.000Z,a09A000000EPYSLIA5,FALSE,,2019-05-09T17:28:07.000Z,2019-05-09T18:00:46.000Z,2019-05-09T18:00:46.000Z,Chateau St. James,2019-05-09T17:28:07.000Z,2,CSJ,,,,,FALSE,,TRUE
2011-04-07T15:31:43.000Z,a09A000000EPYSMIA5,FALSE,,2015-03-24T18:46:35.000Z,2019-02-27T05:02:31.000Z,2019-02-27T05:02:31.000Z,Jones Family Wine,2018-03-30T02:09:44.000Z,,JFW,,,,,FALSE,,TRUE
2015-03-24T18:48:34.000Z,a09A000000wUbUfIAK,FALSE,,2019-04-28T04:27:27.000Z,2019-04-30T21:25:58.000Z,2019-04-30T21:25:58.000Z,Venice Beach Brewing,2019-04-28T04:27:27.000Z,1,VBB,,,,,TRUE,Owned,TRUE
2015-03-24T19:15:09.000Z,a09A000000wUcZCIA0,FALSE,,2015-03-24T19:15:09.000Z,,,Windward Ale,2017-10-07T13:08:42.000Z,0,WWA,,,,,FALSE,Owned,TRUE
2017-11-14T05:18:20.000Z,a09A0000018aBEJIA2,FALSE,,2017-11-14T05:18:20.000Z,,,Columbia Tea and Water,2017-11-16T03:48:09.000Z,0,CMBW,,,,,TRUE,Owned,TRUE
2014-07-22T00:18:39.000Z,a09A000000pY9ObIAK,FALSE,,2015-03-24T18:47:17.000Z,,,Pepperdine Rye,2016-07-23T02:00:53.000Z,,PPDR,,,,,FALSE,Owned,TRUE