COMPETITOR_PARENT__C,CREATEDDATE,HIERARCHY_TYPE__C,ID,ISDELETED,LASTMODIFIEDBYID,LASTMODIFIEDDATE,LASTREFERENCEDDATE,LASTVIEWEDDATE,SYSTEMMODSTAMP,GVP__CUSTOM_FACT_1__C,GVP__CUSTOM_FACT_2__C,GVP__CUSTOM_TEXT_1__C,GVP__CUSTOM_TEXT_2__C,GVP__CUSTOM_TEXT_3__C,GVP__CUSTOM_TEXT_4__C,GVP__CUSTOM_TEXT_5__C,GVP__EXTERNAL_ID__C,NAME,GVP__SIZE__C,GVP__TYPE__C
,2012-04-20T17:46:44.000Z,,a1OA0000002c17JMAQ,FALSE,005A0000001YG2cIAG,2012-04-20T17:46:44.000Z,,,2012-04-20T17:46:44.000Z,,,,,,,,,Key West Chardonnay,a1U2G000008IMZcUAO,White
,2012-04-20T17:47:11.000Z,,a1OA0000002c17TMAQ,FALSE,005A0000001YG2cIAG,2012-04-20T17:47:11.000Z,,,2012-04-20T17:47:11.000Z,,,,,,,,,Meagan Merlot,a1U2G000008IMZcUAO,Red
,2012-04-20T17:45:59.000Z,,a1OA0000002c15fMAA,FALSE,005A0000001YG2cIAG,2012-09-24T18:50:41.000Z,,,2012-09-24T18:50:41.000Z,,,,,,,,,Pompano Beach Gin 1L,a1U2G000008IMZcUAO,Spirits
,2012-04-20T17:45:10.000Z,,a1OA0000002c174MAA,FALSE,005A0000001YG2cIAG,2012-04-20T17:45:10.000Z,,,2012-04-20T17:45:10.000Z,,,,,,,,,Wally's Wodka,a1U2G000008IMZcUAO,Spirits
,2012-08-01T20:19:11.000Z,,a1OA0000002eYAwMAM,FALSE,005A0000001YG2cIAG,2012-08-01T20:19:11.000Z,,,2012-08-01T20:19:11.000Z,,,,,,,,,Hoodie Lager,a1U2G000008IMZeUAO,Beer
,2012-07-11T15:40:49.000Z,,a1OA0000002duTGMAY,FALSE,005A0000001YG2cIAG,2012-07-16T17:33:22.000Z,,,2017-11-02T05:05:36.000Z,,,,,,,,,Absolut,a1U2G000008IMZaUAO,Vodka
,2012-07-10T21:15:56.000Z,,a1OA0000002dtRdMAI,FALSE,005A0000001YG2cIAG,2012-07-10T21:15:56.000Z,,,2012-07-10T21:15:56.000Z,,,,,,,,,Vodka 101,a1U2G000008IMZaUAO,Vodka
,2012-07-16T17:36:53.000Z,,a1OA0000002e4weMAA,FALSE,005A0000001YG2cIAG,2012-07-16T17:36:53.000Z,,,2012-07-16T17:36:53.000Z,,,,,,,,,Tito's Vodka,a1U2G000008IMZaUAO,Spirits
,2012-08-14T18:25:54.000Z,,a1OA0000002eol8MAA,FALSE,005A0000001YG2cIAG,2012-08-14T18:25:54.000Z,,,2012-08-14T18:25:54.000Z,,,,,,,,,Absolut Citron,a1U2G000008IMZaUAO,Vodka
,2012-04-20T17:44:49.000Z,,a1OA0000002c16uMAA,FALSE,005A0000001YG2cIAG,2012-04-20T17:50:20.000Z,,,2016-08-12T02:05:25.000Z,,,,,,,,,JK Napa Merlot,a1U2G000008IMZcUAO,Red
,2012-04-20T17:46:22.000Z,,a1OA0000002c17EMAQ,FALSE,005A0000001YG2cIAG,2012-04-20T17:46:22.000Z,,,2012-04-20T17:46:22.000Z,,,,,,,,,Miami Noir,a1U2G000008IMZcUAO,Red
,2012-04-20T17:44:27.000Z,,a1OA0000002c16pMAA,FALSE,005A0000001YG2cIAG,2012-04-20T18:22:42.000Z,,,2012-04-20T18:22:42.000Z,,,,,,,,,Svelta Vodka,a0jA00000017MsEIAU,Spirits
,2012-04-20T17:47:02.000Z,,a1OA0000002c17OMAQ,FALSE,005A0000001YG2cIAG,2012-04-20T17:47:02.000Z,,,2018-05-19T02:11:51.000Z,,,,,,,,,Indy Racer Red,a1U2G000008IMZcUAO,Red
a1OA0000002fwrOMAQ,2012-09-07T20:39:54.000Z,Label,a1OA0000002fRGRMA2,FALSE,005A0000001YG2cIAG,2012-09-25T17:51:00.000Z,,,2012-09-25T17:51:00.000Z,,,,,,,,,Grey Goose Orange,a1U2G000008IMZaUAO,Vodka
,2012-07-03T16:55:22.000Z,,a1OA0000002dg7jMAA,FALSE,005A0000001YG2cIAG,2012-07-03T16:55:31.000Z,,,2012-07-03T16:55:31.000Z,,,,,,,,,Key West Cabernet,a1U2G000008IMZcUAO,Red
,2012-09-24T19:11:03.000Z,,a1OA0000002fuIxMAI,FALSE,005A0000001YG2cIAG,2012-09-24T19:12:59.000Z,,,2012-09-24T19:12:59.000Z,,,,,,,,,Jose Cuervo 750 ml,a0jA00000017MsEIAU,Tequila
a1OA0000002fwrOMAQ,2012-09-24T18:33:02.000Z,Item,a1OA0000002fu50MAA,FALSE,005A0000001YG2cIAG,2012-11-28T18:28:57.000Z,,,2017-04-06T05:57:33.000Z,,,,,,,,,Grey Goose 1L,a1U2G000008IMZcUAO,Vodka
,2012-09-24T18:51:01.000Z,,a1OA0000002fuCBMAY,FALSE,005A0000001YG2cIAG,2012-09-24T18:51:01.000Z,,,2012-09-24T18:51:01.000Z,,,,,,,,,Pompano Beach Gin 1.75L,a0jA00000049HxuIAE,Spirits
,2012-09-25T17:37:49.000Z,Brand,a1OA0000002fwrOMAQ,FALSE,005A0000001YG2cIAG,2012-09-25T17:48:39.000Z,,,2017-09-11T10:59:32.000Z,,,,,,,,,Grey Goose,a1U2G000008IMZaUAO,Vodka
,2012-04-20T17:45:29.000Z,,a1OA0000002c179MAA,FALSE,005A0000001YG2cIAG,2012-04-20T17:45:29.000Z,,,2012-04-20T17:45:29.000Z,,,,,,,,,Rogue Valley Syrah,a1U2G000008IMZcUAO,Red
,2012-09-24T19:11:24.000Z,,a1OA0000002fuJ2MAI,FALSE,005A0000001YG2cIAG,2015-03-24T19:08:16.000Z,,,2015-03-24T19:08:16.000Z,,,,,,,,,Jose Cuervo 1L,a1U2G000008IMZcUAO,Tequila
,2015-03-24T19:09:30.000Z,,a1OA0000004Zv2WMAS,FALSE,005A0000001YG2cIAG,2015-03-24T19:09:30.000Z,,,2015-03-24T19:09:30.000Z,,,,,,,,,Budwieser,a1U2G000008IMZWUA4,Beer
,2015-03-24T19:12:00.000Z,,a1OA0000004Zv4IMAS,FALSE,005A0000001YG2cIAG,2015-03-24T19:12:00.000Z,,,2015-03-24T19:12:00.000Z,,,,,,,,,Pine Street Lager,a1U2G000008IMZeUAO,Beer
,2015-03-24T19:11:02.000Z,,a1OA0000004Zv3UMAS,FALSE,005A0000001YG2cIAG,2015-03-24T19:11:02.000Z,,,2015-03-24T19:11:02.000Z,,,,,,,,,Sam Adams Lager,a1U2G000008IMZWUA4,Beer
,2015-03-24T19:08:49.000Z,,a1OA0000004Zv1iMAC,FALSE,005A0000001YG2cIAG,2015-03-24T19:08:49.000Z,,,2015-03-24T19:08:49.000Z,,,,,,,,,Coors,a1U2G000008IMZWUA4,Beer
,2015-03-24T19:12:58.000Z,,a1OA0000004Zv5BMAS,FALSE,005A0000001YG2cIAG,2015-03-24T19:12:58.000Z,,,2016-04-27T03:00:13.000Z,,,,,,,,,Channel Island IPA,a1U2G000008IMZeUAO,Beer
,2015-03-24T19:10:00.000Z,,a1OA0000004Zv35MAC,FALSE,005A0000001YG2cIAG,2015-03-24T19:10:00.000Z,,,2015-03-24T19:10:00.000Z,,,,,,,,,Miller High Life,a1U2G000008IMZWUA4,Beer
,2015-03-24T19:12:26.000Z,,a1OA0000004Zv4mMAC,FALSE,005A0000001YG2cIAG,2015-03-24T19:12:26.000Z,,,2017-03-31T02:42:38.000Z,,,,,,,,,Pine Street IPA,a1U2G000008IMZeUAO,Beer
,2014-05-28T20:40:28.000Z,,a1OA0000003ipGCMAY,FALSE,005A0000001YG2cIAG,2014-05-28T20:40:28.000Z,,,2017-04-08T12:52:20.000Z,,,,,,,,,Blue Jay Vodka,a1U2G000008IMZaUAO,Vodka
,2013-06-13T20:20:36.000Z,Label,a1OA0000002qw8BMAQ,FALSE,005A0000001YG2cIAG,2013-06-13T20:20:36.000Z,,,2018-05-19T02:11:51.000Z,,,,,,,,,Green Light Vodka,a1U2G000008IMZaUAO,Vodka
,2013-08-21T18:29:04.000Z,,a1OA0000002u0PiMAI,FALSE,005A0000001YG2cIAG,2013-08-21T18:29:04.000Z,,,2017-10-05T03:29:47.000Z,,,,,,,,,Mondavi Merlot,a1U2G000008IMZcUAO,Red
,2013-11-13T17:15:48.000Z,,a1OA00000035eSGMAY,FALSE,005A0000001YG2cIAG,2013-11-13T17:15:48.000Z,,,2013-11-13T17:15:48.000Z,,,,,,,,,Black Rose Vodka,a1U2G000008IMZaUAO,Vodka