CREATEDDATE,ID,ISDELETED,LASTACTIVITYDATE,LASTMODIFIEDDATE,LASTREFERENCEDDATE,LASTVIEWEDDATE,PRIMARY_CONVERSION__C,SYSTEMMODSTAMP,GVP__ADDITIONAL_DESCRIPTION__C,GVP__ALCOHOL_BY_VOLUME__C,GVP__ATTACHMENTS__C,GVP__AVAILABLE__C,GVP__CUSTOM_1__C,GVP__CUSTOM_2__C,GVP__CUSTOM_3__C,GVP__CUSTOM_4__C,GVP__CUSTOM_5__C,GVP__CUSTOM_6__C,GVP__CUSTOM_7__C,GVP__CUSTOM_CHECKBOX_1__C,GVP__CUSTOM_CHECKBOX_2__C,GVP__CUSTOM_FACT_1__C,GVP__CUSTOM_FACT_2__C,GVP__CUSTOM_PICKLIST_1__C,GVP__CUSTOM_PICKLIST_2__C,GVP__DESIGNATION__C,GVP__FOB_DI__C,NAME,GVP__FOB_WAREHOUSE__C,GVP__ITEM_DESCRIPTION__C,GVP__ITEM_FULL_NAME__C,GVP__BRANDLOOKUP__C,GVP__LABEL__C,GVP__SIZE__C,GVP__ITEM_KEY__C,GVP__ITEM_NUMBER__C,GVP__KEY_ITEM__C,GVP__NABCA_CODE__C,GVP__NEXT_ORDER_ARRIVAL__C,GVP__ON_ORDER__C,GVP__ORDER_UNIT__C,GVP__OWNERSHIP__C,GVP__PACKAGE__C,GVP__PRICE_COMMENTS__C,GVP__PRICE_LEVEL_2__C,GVP__PRICE_LEVEL_3__C,GVP__PRICE_LEVEL_4__C,GVP__PRICE_LEVEL_5__C,GVP__PRICE_LIST__C,GVP__PROOF__C,GVP__QUANTITY__C,GVP__RATING_ENTHUSIAST_DEL__C,GVP__RATING_PARKER_DEL__C,GVP__RATING_SPECTACTOR_DEL__C,GVP__RATING_TANZER_DEL__C,GVP__SHIPCOMPLIANT_KEY__C,GVP__SHIPCOMPLIANT_TYPE__C,GVP__SUGGESTED_RETAIL_PRICE__C,GVP__TAX_CLASS__C,GVP__UPC_CODE__C,GVP__UNIT_PRICE__C,GVP__UNIT_OF_MEASUREMENT_SECONDARY__C,GVP__UNIT_OF_MEASUREMENT__C,GVP__UNITS__C,GVP__VINTAGE__C,GVP__VISIBLE_ON_AUTH__C,GVP__X9L_EQUIVALENT__C
2018-08-23T16:35:49.000Z,a0PA000000GkEZrMAN,FALSE,,2018-08-23T16:38:16.000Z,,,83.333333,2018-08-23T16:38:16.000Z,,0,0,TRUE,,,,,,,,FALSE,FALSE,,,,,,220,6 Apples Cherry 750 Pallet (PT),220,,6 Apples Cherry 6 Apples Cherry 750 Pallet (PT),6 Apples,a0j2G00000DGblaQAD,a1U2G000008IMZcUAO,Cherryr443PT,chr336222PT,FALSE,,,,,,1000 x 750 ml,,,,,,50000,,100,,,,,,,,,,50,CS,PT,1000,,TRUE,83.3333333333
2013-03-01T19:56:42.000Z,a0PA0000008Td7dMAC,FALSE,,2017-06-07T17:39:27.000Z,,,1,2017-10-07T13:08:40.000Z,,30,,TRUE,,,,,,,,FALSE,FALSE,,,,,,180,6 Apple Sour 750x12,180,,6 Apples Sour 6 Apple Sour 750x12,6 Apples,a0j2G00000DGblTQAT,a1U2G000008IMZcUAO,BSA750x,BSA750x,FALSE,,,,,,12 x 750 ml,,150,140,130,120,160,,200,,,,,,,,,,13.33,,CS,12,,TRUE,1
2015-04-08T18:54:22.000Z,a0PA000000D0AGzMAN,FALSE,,2019-04-05T16:30:25.000Z,2019-04-05T23:13:21.000Z,2019-04-05T23:13:21.000Z,1,2019-04-05T16:30:25.000Z,,0,1,TRUE,,,,,,,,FALSE,FALSE,,,,,,220,6 Apples Cherry 750x12,220,,6 Apples Cherry 6 Apples Cherry 750x12,6 Apples,a0j2G00000DGblaQAD,a1U2G000008IMZcUAO,Cherryr443,chr336222,FALSE,,,,,,12 x 750 ml,,,,,,,,,,,,,,,,,,0,BT,CS,12,,TRUE,1
2011-04-07T15:31:43.000Z,a0PA0000003TI5BMAW,FALSE,,2018-05-17T15:24:54.000Z,2019-05-03T20:04:53.000Z,2019-05-03T20:04:53.000Z,1,2018-05-19T02:11:50.000Z,,12.5,,TRUE,,,,,,,,FALSE,FALSE,,,,,,150,2010 CSJ James Creek Red 750ml,165,2010 James Creek 750ml,James Creek Red 2010 CSJ James Creek Red 750ml,Chateau St. James,a0j2G00000DGblXQAT,a1U2G000008IMZcUAO,GV144311,GV144311,FALSE,,,,,,12 x 750 ml,,200,170,,,225,,,,,,,,,55,,,18.75,,CS,12,2010,TRUE,1
2011-04-07T15:31:43.000Z,a0PA0000003TI5GMAW,FALSE,,2016-05-23T15:25:18.000Z,2019-02-21T02:20:48.000Z,2019-02-21T02:20:48.000Z,1,2018-01-04T03:10:58.000Z,,12.5,,TRUE,,,,,,,,FALSE,FALSE,,,,,,118,2010 CSJ Sonoma Chardonnay 750ml,132,Chateau St. James 2010 Chardonnay 750ml,Sonoma Chardonnay 2010 CSJ Sonoma Chardonnay 750ml,Chateau St. James,a0j2G00000DGblhQAD,a1U2G000008IMZcUAO,GV3432221111111,GV3432221111111,FALSE,,,,,,12 x 750 ml,,200,190,180,,210,,1250,92,89,91,87,,,35,,,17.5,,CS,12,2010,TRUE,1
2011-04-07T15:31:43.000Z,a0PA0000003TI5FMAW,FALSE,,2016-05-23T15:25:18.000Z,,,1,2018-04-05T02:37:31.000Z,,13.9,,TRUE,,,,,,,,FALSE,FALSE,,,,,,80,2008 Eagle Eye Malbec 750ml,89,,Chateau St. James Eagle Eye Malbec 2008 Eagle Eye Malbec 750ml,Chateau St. James,a0j2G00000DGblcQAD,a1U2G000008IMZcUAO,GV8899711,GV8899711,FALSE,,,,,,12 x 750 ml,,120,115,110,,125,,2180,,,,,,,19,,,10.42,,CS,12,2008,TRUE,1
2013-10-30T23:53:38.000Z,a0PA0000009gsOfMAI,FALSE,,2016-07-26T01:59:08.000Z,,,0,2016-07-26T01:59:08.000Z,,0,,TRUE,,,,,,,,FALSE,FALSE,,,,,,0,CSJ James Creek Display Cart (POS),500,2010 James Creek 750ml,James Creek Red CSJ James Creek Display Cart (POS),Chateau St. James,a0j2G00000DGblXQAT,a1U2G000008IMZcUAO,GV144311PO,GV144311PO,FALSE,,,,,,1 x Each,,0,0,,,0,,1000,,,,,,,0,,,0,,EA,1,2010,FALSE,0
2012-09-24T17:54:33.000Z,a0PA0000007HfPjMAK,FALSE,,2017-11-29T17:50:26.000Z,,,0.5,2018-03-08T03:53:20.000Z,,35,,TRUE,,,,,,,,FALSE,FALSE,,,,,,212.18,Cloud Rum 750ml,212.18,Cloud Rum 750ml,Cloud Rum Silver Cloud Rum 750ml,Cloud Rum,a0j2G00000DGblWQAT,a1U2G000008IMZcUAO,235463,235463,FALSE,,,,,,6 x 750 ml,,,,,,195,,50,,,,,,,,,,32.5,BT,CS,6,,TRUE,0.5
2012-09-24T17:55:05.000Z,a0PA0000007HfPoMAK,FALSE,,2016-11-11T18:42:47.000Z,,,0.666667,2016-11-11T18:42:47.000Z,,35,,TRUE,,,,,,,,FALSE,FALSE,,,,,,0,Cloud Rum 1.0L,230,Cloud Rum 1.0L,Cloud Rum Silver Cloud Rum 1.0L,Cloud Rum,a0j2G00000DGblWQAT,a1U2G000008IMZbUAO,55443333,55443333,FALSE,,,,,,6 x 1 liter,,,,,,280,,120,,,,,,,,,,46.67,,CS,6,,TRUE,0.6666666667
2013-01-22T16:30:11.000Z,a0PA00000089IiHMAU,FALSE,,2016-11-11T18:42:47.000Z,,,0.5,2016-11-11T18:42:47.000Z,,35,,TRUE,,,,,,,,FALSE,FALSE,,,,,,0,Cloud Rum 375ml,215,,Cloud Rum Silver Cloud Rum 375ml,Cloud Rum,a0j2G00000DGblWQAT,a1U2G000008IMZgUAO,CR375,CR375,FALSE,,,,,,12 x 375 ml,,,,,,120,,120,,,,,,,,,,10,,CS,12,,TRUE,0.5
2017-11-14T05:27:03.000Z,a0PA000000G6Eq4MAF,FALSE,,2017-11-14T05:27:03.000Z,,,0,2017-11-16T03:48:09.000Z,,,0,TRUE,,,,,,,,FALSE,FALSE,,,,,,,Camas Ginger Ale 8x16oz,,,Camas Ginger Ale Camas Ginger Ale 8x16oz,Columbia Tea and Water,a0j2G00000DGblkQAD,a1U2G000008IMZeUAO,CGA816XX3,CGA816XX3,FALSE,,,,,,8 x 16 oz,,18,16,,,20,,221,,,,,,,23,,,2.5,CS,CS,8,,TRUE,0.4206008889
2017-11-14T05:23:49.000Z,a0PA000000G6EpuMAF,FALSE,,2017-11-14T05:23:59.000Z,,,0,2018-02-23T06:23:11.000Z,,,0,TRUE,,,,,,,,FALSE,FALSE,,,,,,,Sauvie Island Berry 12x16oz,,,Sauvie Island Berry Tea Sauvie Island Berry 12x16oz,Columbia Tea and Water,a0j2G00000DGbliQAD,a1U2G000008IMZeUAO,SVIB1239984,SVIB1239984,FALSE,,,,,,12 x 16 oz,,36,34,32,,38,,930,,,,,,,45,,,3.17,,CS,12,,TRUE,0.6309013333
2017-11-14T05:21:25.000Z,a0PA000000G6EpaMAF,FALSE,,2017-11-14T05:24:26.000Z,,,1,2017-11-16T03:48:09.000Z,,0,0,TRUE,,,,,,,,FALSE,FALSE,,,,,,,Bull Run Spring 24x12oz,,,Bull Run Spring Water Bull Run Spring 24x12oz,Columbia Tea and Water,a0j2G00000DGbljQAD,a1U2G000008IMZWUA4,BRSW8834X,BRSW8834X,FALSE,,,,,,24 x 12 oz,,36,34,32,,38,,362,,,,,,,44,,,1.58,,CS,24,,TRUE,0.9463535813
2011-04-07T15:31:43.000Z,a0PA0000003TI57MAG,FALSE,,2016-10-21T00:21:14.000Z,,,1,2016-11-04T02:26:06.000Z,,40,,TRUE,,,,,,,,FALSE,FALSE,,,,,,0,GB Tequila 750ml,200,,Griffin Bay Tequila GB Tequila 750ml,Griffin Bay,a0j2G00000DGblVQAT,a1U2G000008IMZcUAO,GBT123453,GBT123453,FALSE,,,,,,12 x 750 ml,,235,230,225,200,240,,5000,,,,,,,,,,20,,CS,12,Non-Vintage,TRUE,1
2011-04-07T15:31:43.000Z,a0PA0000003TI55MAG,FALSE,,2016-05-23T15:25:18.000Z,,,1,2017-10-14T13:03:47.000Z,,37.5,,TRUE,,,,,,,,FALSE,FALSE,,,,,,106,GB Vodka 750ml,95,,Griffin Bay Griffin Bay Vodka GB Vodka 750ml,Griffin Bay,a0j2G00000DGblQQAT,a1U2G000008IMZcUAO,GV66554454V,GV66554454V,FALSE,,,,,,12 x 750 ml,,120,100,50,,140,,1200,,,,,,Spirits,15,,,11.67,,CS,12,Non-Vintage,TRUE,1
2012-02-14T20:57:41.000Z,a0PA0000005fRYYMA2,FALSE,,2016-05-23T15:25:18.000Z,,,1,2018-03-29T02:25:10.000Z,,37,,TRUE,,,,,,,,FALSE,FALSE,,,,,,106,GB Gin 750ml,95,,Griffin Bay Gin GB Gin 750ml,Griffin Bay,a0j2G00000DGblPQAT,a1U2G000008IMZcUAO,GV66554454G,GV66554454G,FALSE,,,,,,12 x 750 ml,,120,100,50,,140,,1500,,,,,,Spirits,15,,,11.67,,CS,12,Non-Vintage,TRUE,1
2012-09-24T19:07:49.000Z,a0PA0000007HgvHMAS,FALSE,,2016-05-23T15:25:18.000Z,2019-04-16T21:24:04.000Z,2019-04-16T21:24:04.000Z,1.166667,2016-05-23T15:25:18.000Z,,40,,FALSE,,,,,,,,FALSE,FALSE,,,,,,,GB Tequila 1.75L,210,GB Tequila 1.75L,Griffin Bay Tequila GB Tequila 1.75L,Griffin Bay,a0j2G00000DGblVQAT,a1U2G000008IMZaUAO,556yhyh543,556yhyh543,FALSE,,,,,,6 x 1.75 liter,,,,,,380,,15000,,,,,,,,,,63.33,,CS,6,,FALSE,1.1666666667
2012-09-24T18:48:01.000Z,a0PA0000007HgUXMA0,FALSE,,2016-05-23T15:25:18.000Z,,,1.166667,2016-12-03T13:47:57.000Z,,37.5,,FALSE,,,,,,,,FALSE,FALSE,,,,,,,GB Vodka 1.75L,100,GB Vodka 1.75L,Griffin Bay Vodka GB Vodka 1.75L,Griffin Bay,a0j2G00000DGblPQAT,a1U2G000008IMZaUAO,87654L,87654L,FALSE,,,,,,6 x 1.75 liter,,,,,,380,,15000,,,,,,,,,,63.33,,CS,6,,FALSE,1.1666666667
2012-09-24T18:49:37.000Z,a0PA0000007HgXWMA0,FALSE,,2018-01-22T20:01:17.000Z,,,1.166667,2018-01-24T05:10:49.000Z,,37,,TRUE,,,,,,,,FALSE,FALSE,,,,,,0,GB Gin 1.75L,95,GB Gin 1.75L,Griffin Bay Gin GB Gin 1.75L,Griffin Bay,a0j2G00000DGblPQAT,a1U2G000008IMZaUAO,2352556,2352556,FALSE,,,,,,6 x 1.75 liter,,,,,,380,,15000,,,,,,,,,,63.33,,BT,6,,TRUE,1.1666666667
2012-09-24T17:50:16.000Z,a0PA0000007HfOMMA0,FALSE,,2016-10-20T23:29:39.000Z,,,0.666667,2017-10-07T13:08:40.000Z,,37,,FALSE,,,,,,,,FALSE,FALSE,,,,,,0,GB Gin 1.0L,105,GB Gin 1.0L,Griffin Bay Gin GB Gin 1.0L,Griffin Bay,a0m2G000004q6hQQAQ,a1U2G000008IMZbUAO,23525,23525,FALSE,,,,,,6 x 1 liter,,,,,,320,,15000,,,,,,,,,,53.33,,CS,6,,FALSE,0.6666666667
2012-09-24T17:50:57.000Z,a0PA0000007HfORMA0,FALSE,,2016-11-11T18:42:47.000Z,,,0.666667,2017-11-18T13:45:23.000Z,,37.5,,FALSE,,,,,,,,FALSE,FALSE,,,,,,0,GB Vodka 1.0L,110,,Griffin Bay Vodka GB Vodka 1.0L,Griffin Bay,a0j2G00000DGblQQAT,a1U2G000008IMZbUAO,87654R,87654R,FALSE,,,,,,6 x 1 liter,,,,,,320,,15000,,,,,,,,,,53.33,,CS,6,,TRUE,0.6666666667
2012-09-24T17:52:28.000Z,a0PA0000007HfOgMAK,FALSE,,2017-10-02T14:24:07.000Z,,,0.666667,2017-10-04T05:05:30.000Z,,40,,FALSE,,,,,,,,FALSE,FALSE,,,,,,,GB Tequila 1.0L,200,,Griffin Bay Tequila GB Tequila 1.0L,Griffin Bay,a0j2G00000DGblVQAT,a1U2G000008IMZbUAO,556yhyh54,556yhyh54,FALSE,,,,,,6 x 1 liter,,,,,0,320,,15000,,,,,,,,,,53.33,,CS,6,,FALSE,0.6666666667
2011-04-07T15:31:43.000Z,a0PA0000003TI5DMAW,FALSE,,2019-04-30T19:32:50.000Z,2019-05-01T23:53:47.000Z,2019-05-01T23:53:47.000Z,1,2019-04-30T19:32:50.000Z,,14,1,TRUE,,,,,,,,FALSE,FALSE,,,,,,125,2009 Jones Napa Reserve Merlot 750ml,125,Jones 2009 Reserve Merlot 750ml,Napa Valley Reserve Merlot 2009 Jones Napa Reserve Merlot 750ml,Jones Family Wine,a0j2G00000DGblOQAT,a1U2G000008IMZcUAO,GV6554433,GV6554433,FALSE,,,,,,12 x 750 ml,,170,165,164,0,185,,28.5,,,,,,,29,,,15.42,,CS,12,2009,TRUE,1
2011-04-07T15:31:43.000Z,a0PA0000003TI54MAG,FALSE,,2016-10-21T00:19:07.000Z,,,1,2016-10-21T00:19:07.000Z,,12.5,,TRUE,,,,,,,,FALSE,FALSE,,,,,,70,2010 Jones Santa Ynez Pinot Noir 1.5L,70,,Santa Ynez Pinot Noir 2010 Jones Santa Ynez Pinot Noir 1.5L,Jones Family Wine,a0j2G00000DGblOQAT,a1U2G000008IMZcUAO,GV32334555,GV32334555,FALSE,,,,,,6 x 1.5 liter,,125,120,115,110,130,,200,,,,,,,13,,,21.67,,SX,6,2010,TRUE,1
2011-04-07T15:31:43.000Z,a0PA0000003TI5CMAW,FALSE,,2016-10-21T00:19:07.000Z,,,0.5,2017-04-20T02:47:11.000Z,,12.5,,TRUE,,,,,,,,FALSE,FALSE,,,,,,70,2008 Jones Santa Ynez Pinot Noir 750ml,70,,Santa Ynez Pinot Noir 2008 Jones Santa Ynez Pinot Noir 750ml,Jones Family Wine,a0j2G00000DGblOQAT,a1U2G000008IMZcUAO,GV323541SX,GV323541SX,FALSE,,,,,,6 x 750 ml,,125,120,115,110,130,,1500,,,,,,,13,,,21.67,,SX,6,2008,TRUE,0.5
2011-04-07T15:31:43.000Z,a0PA0000003TI5HMAW,FALSE,,2016-10-21T00:21:14.000Z,,,1,2016-10-21T00:21:14.000Z,,12.5,,TRUE,,,,,,,,FALSE,FALSE,,,,,,0,2009 Jones Santa Ynez Pinot Noir 1.5L,70,,Santa Ynez Pinot Noir 2009 Jones Santa Ynez Pinot Noir 1.5L,Jones Family Wine,a0j2G00000DGblOQAT,a1U2G000008IMZcUAO,GV323542SX,GV323542SX,FALSE,,,,,,6 x 1.5 liter,,125,120,115,110,130,,200,,,,,,,13,,,21.67,,SX,6,2009,TRUE,1
2011-04-07T15:31:43.000Z,a0PA0000003TI5IMAW,FALSE,,2016-10-21T00:21:14.000Z,,,0,2017-04-08T03:40:18.000Z,,0,,TRUE,,,,,,,,FALSE,FALSE,,,,,,0,Broken Case Charge,2,,Jones Chardonnay Broken Case Charge,Jones Family Wine,a0j2G00000DGblRQAT,a1U2G000008IMZcUAO,BRKNCASE,BRKNCASE,FALSE,,,,,,1 x Each,,,,,,1,,,,,,,,,,,,1,,CS,1,,FALSE,0
2011-04-07T15:31:43.000Z,a0PA0000003TI59MAG,FALSE,,2016-10-21T00:21:14.000Z,,,1,2016-10-21T00:21:14.000Z,,12.5,,TRUE,,,,,,,,FALSE,FALSE,,,,,,0,2010 Jones Chardonnay 750ml,86,2010 Jones Family Chardonnay,Jones Chardonnay 2010 Jones Chardonnay 750ml,Jones Family Wine,a0j2G00000DGblRQAT,a1U2G000008IMZcUAO,GV1233761,GV1233761,FALSE,,,,,,12 x 750 ml,,110,105,100,95,115,,500,,,,,,,20,,,9.58,,CS,12,2010,TRUE,1
2011-04-07T15:31:43.000Z,a0PA0000003TI5AMAW,FALSE,,2019-04-10T00:50:14.000Z,2019-04-29T16:56:24.000Z,2019-04-29T16:56:24.000Z,1,2019-04-10T00:50:14.000Z,,12.5,1,TRUE,,,,,,,,FALSE,FALSE,,,,,,86,2012 Jones Chardonnay 750ml,86,2012 Jones Family Chardonnay,Jones Chardonnay 2012 Jones Chardonnay 750ml,Jones Family Wine,a0j2G00000DGblRQAT,a1U2G000008IMZcUAO,GV12337665,GV12337665,FALSE,,,,,,12 x 750 ml,,110,105,100,95,115,,144,,,,,,,20,,,9.58,,CS,12,2012,TRUE,1
2011-04-07T15:31:43.000Z,a0PA0000003TI56MAG,FALSE,,2016-11-11T18:42:33.000Z,,,1,2016-11-11T18:42:33.000Z,,12.5,,TRUE,,,,,,,,FALSE,FALSE,,,,,,86,2008 Jones Chardonnay 750ml,86,2008 Jones Family Chardonnay,Jones Chardonnay 2008 Jones Chardonnay 750ml,Jones Family Wine,a0j2G00000DGblRQAT,a1U2G000008IMZcUAO,GV12334322,GV12334322,FALSE,,,,,,12 x 750 ml,,110,105,100,95,115,,500,,,,,,,20,,,9.58,,CS,12,2008,TRUE,1
2011-04-07T15:31:43.000Z,a0PA0000003TI58MAG,FALSE,,2016-11-11T18:42:36.000Z,2019-02-27T05:02:39.000Z,2019-02-27T05:02:39.000Z,1,2017-03-23T06:02:31.000Z,,12.5,,TRUE,,,,,,,,FALSE,FALSE,,,,,,86,2008 Jones Chardonnay 1.5L/6,86,2008 Jones Family Chardonnay Magnum,Jones Chardonnay 2008 Jones Chardonnay 1.5L/6,Jones Family Wine,a0j2G00000DGblRQAT,a1U2G000008IMZcUAO,GV1233432245664,GV1233432245664,FALSE,,,,,,6 x 1.5 liter,,110,105,100,95,115,,125,,,,,,,20,,,19.17,,SX,6,2008,TRUE,1
2011-04-07T15:31:43.000Z,a0PA0000003TI5EMAW,FALSE,,2016-05-23T15:25:18.000Z,,,1,2017-08-11T02:42:56.000Z,,14,,TRUE,,,,,,,,FALSE,FALSE,,,,,,10,2010 Jones Napa Reserve Merlot 750ml,125,Jones 2010 Reserve Merlot 750ml,Napa Valley Reserve Merlot 2010 Jones Napa Reserve Merlot 750ml,Jones Family Wine,a0j2G00000DGblOQAT,a1U2G000008IMZcUAO,GV21123344432010,GV21123344432010,FALSE,,,,,,12 x 750 ml,,170,,,,185,,840,,,,,,,29,,,15.42,,CS,12,2010,TRUE,1
2014-07-22T00:19:45.000Z,a0PA000000BS70cMAD,FALSE,,2016-07-26T01:59:08.000Z,,,0.5,2016-07-26T01:59:08.000Z,,0,,TRUE,,,,,,,,FALSE,FALSE,,,,,,,Pepperdine Rye Cask Finish 750x6,300,,Pepperdine Rye Cask Finish Pepperdine Rye Cask Finish 750x6,Pepperdine Rye,a0j2G00000DGblfQAD,a1U2G000008IMZcUAO,PD7506,PD7506,FALSE,,,,,,6 x 750 ml,,,,,,,,,,,,,,,,,,0,,CS,6,,FALSE,0.5
2014-07-28T21:28:44.000Z,a0PA000000BSdb8MAD,FALSE,,2016-10-20T23:28:55.000Z,,,1,2016-10-20T23:28:55.000Z,,0,,TRUE,,,,,,,,FALSE,FALSE,,,,,,0,Pepperdine Rye 750mlx12,240,,Pepperdine Rye Pepperdine Rye 750mlx12,Pepperdine Rye,a0j2G00000DGblfQAD,a1U2G000008IMZcUAO,123456789,123456789,FALSE,,,,,,12 x 750 ml,,,,,,,,,,,,,,,,,,0,,CS,12,,FALSE,1
2012-08-01T20:23:20.000Z,a0PA00000073zpxMAA,FALSE,,2016-10-21T00:19:06.000Z,,,1,2017-03-31T02:42:38.000Z,,6.5,,TRUE,,,,,,,,FALSE,FALSE,,,,,Limited Edition,6,Venice Beach Lager 24/12oz,6,,Sunshine Lager Venice Beach Lager 24/12oz,Venice Beach Brewing,a0j2G00000DGblYQAT,a1U2G000008IMZWUA4,GV66554454B,GV66554454B,FALSE,,,,,,24 x 12 oz,,,,,,24,,500,,,,,,,,,,1,,CS,24,Non-Vintage,TRUE,0.9463535813
2012-08-10T18:34:31.000Z,a0PA00000074eiIMAQ,FALSE,,2016-10-21T00:21:14.000Z,,,1,2018-05-05T02:48:32.000Z,,8.2,,TRUE,,,,,,,,FALSE,FALSE,,,,,Limited Edition,6,Venice Beach IPA 12/12oz,6,,Session IPA Venice Beach IPA 12/12oz,Venice Beach Brewing,a0j2G00000DGblUQAT,a1U2G000008IMZWUA4,GV66554454C,GV66554454C,FALSE,,,,,,24 x 12 oz,,,,,,244,,500,,,,,,,,,,10.17,,CS,24,Non-Vintage,TRUE,0.9463535813
2012-08-10T18:39:49.000Z,a0PA00000074eihMAA,FALSE,,2016-05-23T15:25:18.000Z,,,6.888889,2017-01-28T13:38:18.000Z,,6.5,,TRUE,,,,,,,,FALSE,FALSE,,,,,Limited Edition,,Venice Beach Lager 1/2,6,,Sunshine Lager Venice Beach Lager 1/2,Venice Beach Brewing,a0j2G00000DGblYQAT,a1U2G000008IMZWUA4,GV66554454A,GV66554454A,FALSE,,,,,,1 x 1/2,,,,,,160,,200,,,,,,,,,,160,,CS,1,Non-Vintage,FALSE,6.5192222222
2012-08-10T18:39:08.000Z,a0PA00000074eicMAA,FALSE,,2018-02-21T20:28:27.000Z,,,6.888889,2018-02-23T06:23:11.000Z,,8.2,,TRUE,,,,,,,,FALSE,FALSE,,,,,Limited Edition,,Venice Beach IPA 1/2,6,,Session IPA Venice Beach IPA 1/2,Venice Beach Brewing,a0j2G00000DGblUQAT,a1U2G000008IMZWUA4,GV66554454D,GV66554454D,FALSE,,,,,,1 x 1/2,,,,,,180,,50,,,,,,,,,,180,,CS,1,Non-Vintage,FALSE,6.5192222222
2015-03-24T19:16:55.000Z,a0PA000000D075EMAR,FALSE,,2016-11-11T18:42:47.000Z,,,0.5,2016-11-11T18:42:47.000Z,,6.5,0,TRUE,,,,,,,,FALSE,FALSE,,,,,,0,Windward Stout 12/12oz,7,,Milk Stout Windward Stout 12/12oz,Windward Ale,a0j2G00000DGbleQAD,a1U2G000008IMZWUA4,WWS1123,WWS3321,FALSE,,,,,,12 x 12 oz,,,,,,,,,,,,,,,,,,0,,CS,12,,TRUE,0.4731767907
2015-03-24T19:17:40.000Z,a0PA000000D075JMAR,FALSE,,2016-11-11T18:42:47.000Z,,,1,2016-11-11T18:42:47.000Z,,0,0,TRUE,,,,,,,,FALSE,FALSE,,,,,,0,Windward Ale 24x12oz,7,,Summer Ale Windward Ale 24x12oz,Windward Ale,a0j2G00000DGbldQAD,a1U2G000008IMZWUA4,WWA556,WWA554,FALSE,,,,,,24 x 12 oz,,,,,,,,,,,,,,,,,,0,,CS,24,,TRUE,0.9463535813