COLOR__C,CREATEDDATE,ID,ISDELETED,LASTACTIVITYDATE,LASTMODIFIEDDATE,LASTREFERENCEDDATE,LASTVIEWEDDATE,NAME,GVP__BRAND__C,BRAND_NAME,SYSTEMMODSTAMP,GVP__APPELLATION__C,GVP__ATTACHMENTS__C,GVP__BROKEN_CASE_EXEMPT__C,GVP__COUNTRY__C,GVP__CUSTOM_1__C,GVP__CUSTOM_2__C,GVP__CUSTOM_CHECKBOX_1__C,GVP__CUSTOM_CHECKBOX_2__C,GVP__CUSTOM_PICKLIST_1__C,GVP__CUSTOM_PICKLIST_2__C,GVP__KEY_LABEL__C,GVP__LABEL_FULL_NAME__C,GVP__LABEL_KEY__C,GVP__OWNERSHIP__C,GVP__PRODUCT_LINE__C,GVP__REGION_SUB__C,GVP__REGION__C,GVP__TYPE__C,GVP__VARIETY__C,GVP__VINEYARD__C,GVP__VISIBLE_ON_AUTH__C
,2011-04-07T15:31:43.000Z,a0QA0000003mSqYMAU,FALSE,,2015-10-07T20:50:41.000Z,2019-03-11T14:10:08.000Z,,Napa Valley Reserve Merlot,a0G2G00001956XeUAI,Jones Family Wine,2017-10-07T13:08:41.000Z,,1,FALSE,USA,,,FALSE,FALSE,,,TRUE,Jones Family Wine Napa Valley Reserve Merlot,NVRM,,California Wine,Napa Valley,California,Red,Merlot,,TRUE
,2011-04-07T15:31:43.000Z,a0QA0000003mSqWMAU,FALSE,,2015-01-05T15:13:48.000Z,2019-03-11T20:08:32.000Z,,Griffin Bay Gin,a0G2G00001956XcUAI,Griffin Bay,2018-01-24T05:10:49.000Z,,1,FALSE,USA,,,FALSE,FALSE,,,FALSE,Griffin Bay Griffin Bay Gin,GIN,,Imported Spirits,,,Gin,,,TRUE
,2011-04-07T15:31:43.000Z,a0QA0000003mSqSMAU,FALSE,,2015-10-07T20:50:24.000Z,2019-03-11T20:10:42.000Z,,Griffin Bay Vodka,a0G2G00001956XcUAI,Griffin Bay,2017-08-11T02:42:56.000Z,,1,FALSE,USA,,,FALSE,FALSE,,,TRUE,Griffin Bay Griffin Bay Vodka,VDK,,Imported Spirits,,,Vodka,,,TRUE
,2011-04-07T15:31:43.000Z,a0QA0000003mSqRMAU,FALSE,,2015-10-07T20:50:08.000Z,2019-03-12T15:16:08.000Z,2019-02-27T07:32:38.000Z,Jones Chardonnay,a0G2G00001956XeUAI,Jones Family Wine,2017-09-08T02:55:42.000Z,,,FALSE,USA,,,FALSE,FALSE,,,TRUE,Jones Family Wine Jones Chardonnay,JFWC,Owned,California Wine,South Coast,California,White,Chardonnay,,TRUE
Green,2019-02-25T23:45:05.000Z,a0Q2K00000HGFdpUAH,FALSE,,2019-02-25T23:45:05.000Z,2019-03-25T17:28:25.000Z,2019-03-25T17:28:25.000Z,India Pale Lager,a0G2G00001956XfUAI,Venice Beach Brewing,2019-02-25T23:45:05.000Z,,0,FALSE,USA,,,FALSE,FALSE,,,TRUE,Windward Ale India Pale Lager,IPL,Owned,,,,Beer - Lager,,,TRUE
,2013-03-01T19:52:51.000Z,a0QA0000009ittJMAQ,FALSE,,2019-04-05T16:32:27.000Z,2019-04-05T17:25:32.000Z,2019-04-05T17:25:32.000Z,6 Apples Sour,a0G2G00001956XaUAI,6 Apples,2019-04-05T16:32:27.000Z,,1,FALSE,USA,Flavored,Core 1,FALSE,FALSE,,,FALSE,6 Apples 6 Apples Sour,BSA,,,,,Vodka,,,TRUE
,2012-08-10T18:34:25.000Z,a0QA0000008vdvaMAA,FALSE,,2019-04-24T05:27:52.000Z,2019-04-18T18:12:30.000Z,2019-04-18T18:12:30.000Z,Session IPA,a0G2G00001956XfUAI,Venice Beach Brewing,2019-04-24T05:27:52.000Z,,5,FALSE,USA,,,FALSE,FALSE,,,FALSE,Venice Beach Brewing Session IPA,VBBIPA,Competitor,,,,Beer - Ale,,,TRUE
,2011-04-07T15:31:43.000Z,a0QA0000003mSqVMAU,FALSE,,2019-04-16T21:20:59.000Z,2019-04-30T19:54:49.000Z,2019-04-16T21:29:49.000Z,Griffin Bay Tequila,a0G2G00001956XcUAI,Griffin Bay,2019-04-16T21:20:59.000Z,,1,FALSE,USA,,,FALSE,FALSE,,,TRUE,Griffin Bay Griffin Bay Tequila,TEQ,,Imported Spirits,,,Tequila,,,TRUE
Red,2012-09-24T17:53:50.000Z,a0QA0000009E1TiMAK,FALSE,,2019-04-30T22:52:28.000Z,2019-05-01T23:53:48.000Z,2019-05-01T23:53:48.000Z,Cloud Rum Silver,a0G2G00001956XbUAI,Cloud Rum,2019-04-30T22:52:28.000Z,,4,FALSE,USA,,,FALSE,FALSE,,,FALSE,Cloud Rum Cloud Rum Silver,CR,Owned,,,,Rum,,,TRUE
,2011-04-07T15:31:43.000Z,a0QA0000003mSqQMAU,FALSE,,2019-05-09T17:28:08.000Z,2019-05-09T18:00:52.000Z,2019-05-09T18:00:52.000Z,James Creek Red,a0G2G00001956XdUAI,Chateau St. James,2019-05-09T17:28:08.000Z,,1,FALSE,France,,,FALSE,FALSE,,,FALSE,Chateau St. James James Creek Red,CSJJC,,Imported Wine,,,Red,Red Bordeaux Blend,,TRUE
,2012-08-01T17:56:55.000Z,a0QA0000008vMVGMA2,FALSE,,2016-05-25T23:57:55.000Z,,,Sunshine Lager,a0G2G00001956XgUAI,Windward Ale,2016-05-25T23:57:55.000Z,,1,FALSE,USA,,,FALSE,FALSE,,,TRUE,Venice Beach Brewing Sunshine Lager,VBBL,Owned,,,,Beer - Lager,,,TRUE
,2011-04-07T15:31:43.000Z,a0QA0000003mSqUMAU,FALSE,,2019-04-24T05:34:33.000Z,,,Santa Ynez Pinot Noir,a0G2G00001956XdUAI,Chateau St. James,2019-04-24T05:34:33.000Z,,2,FALSE,USA,,,FALSE,FALSE,,,TRUE,Jones Family Wine Santa Ynez Pinot Noir,SYPN,,California Wine,Central Coast,California,Red,Pinot Noir,,TRUE
,2013-03-01T19:47:37.000Z,a0QA0000009itsQMAQ,FALSE,,2015-03-24T18:55:30.000Z,,,6 Apples Cherry,a0G2G00001956XaUAI,6 Apples,2018-05-10T03:20:14.000Z,,,FALSE,USA,Flavored,,FALSE,FALSE,,,FALSE,6 Apples 6 Apples Cherry,CSA,,,,,Vodka,,,TRUE
,2016-05-25T21:07:42.000Z,a0QA000000EnSA3MAN,FALSE,,2016-05-25T23:56:41.000Z,,,Strawberry Lager,a0G2G00001956XgUAI,Windward Ale,2018-04-27T02:25:35.000Z,,0,FALSE,USA,,,FALSE,FALSE,,,FALSE,Windward Ale Strawberry Lager,WNDWSBL,,,,,Beer - Ale,,,TRUE
,2011-04-07T15:31:43.000Z,a0QA0000003mSqXMAU,FALSE,,2015-03-24T18:54:43.000Z,,,Eagle Eye Malbec,a0G2G00001956XdUAI,Chateau St. James,2018-04-05T02:37:31.000Z,,,FALSE,Argentina,,,FALSE,FALSE,,,FALSE,Chateau St. James Eagle Eye Malbec,CSJM,,Imported Wine,,,Red,Malbec,,TRUE
,2015-03-24T19:15:36.000Z,a0QA000000DDFQ3MAP,FALSE,,2016-05-25T23:57:19.000Z,,,Summer Ale,a0G2G00001956XfUAI,Venice Beach Brewing,2016-08-04T02:32:42.000Z,,0,FALSE,USA,,,FALSE,FALSE,,,FALSE,Windward Ale Summer Ale,WWA,,,,,Beer - Ale,,,TRUE
,2015-03-24T19:15:59.000Z,a0QA000000DDFQ8MAP,FALSE,,2016-05-25T23:56:58.000Z,,,Milk Stout,a0G2G00001956XfUAI,Venice Beach Brewing,2016-08-04T02:32:42.000Z,,0,FALSE,USA,,,FALSE,FALSE,,,FALSE,Windward Ale Milk Stout,WWS,,,,,Beer - Ale,,,TRUE
,2014-07-22T00:19:03.000Z,a0QA000000BhAwIMAV,FALSE,,2015-03-24T18:44:59.000Z,,,Pepperdine Rye Cask Finish,a0G2G00001956XiUAI,Pepperdine Rye,2015-03-24T18:44:59.000Z,,,FALSE,USA,,,FALSE,FALSE,,,FALSE,Pepperdine Rye Pepperdine Rye Cask Finish,PPDR,,,,,Spirits,,,TRUE
,2014-07-28T21:27:56.000Z,a0QA000000BhPi7MAF,FALSE,,2015-03-24T18:40:17.000Z,,,Pepperdine Rye,a0G2G00001956XiUAI,Pepperdine Rye,2015-03-24T18:40:17.000Z,,,FALSE,USA,,,FALSE,FALSE,,,FALSE,Pepperdine Rye Pepperdine Rye,12345,,,,,Spirits,,,TRUE
,2011-04-07T15:31:43.000Z,a0QA0000003mSqTMAU,FALSE,,2018-11-30T19:14:42.000Z,,,Sonoma Chardonnay,a0G2G00001956XeUAI,Jones Family Wine,2018-11-30T19:14:42.000Z,,1,FALSE,USA,Top Brands,,FALSE,FALSE,,,FALSE,Chateau St. James Sonoma Chardonnay,CSJC,,California Wine,Sonoma County,California,White,Chardonnay,,TRUE
,2017-11-14T05:19:09.000Z,a0QA000000GAhqxMAD,FALSE,,2017-11-14T05:19:09.000Z,,,Sauvie Island Berry Tea,a0G2G00001956XhUAI,Columbia Tea and Water,2017-11-16T03:48:09.000Z,,0,FALSE,USA,,,FALSE,FALSE,,,TRUE,Columbia Tea and Water Sauvie Island Berry Tea,SIBT,,,,,Non-alcoholic,,,TRUE
,2017-11-14T05:19:42.000Z,a0QA000000GAhr2MAD,FALSE,,2017-11-14T05:19:42.000Z,,,Bull Run Spring Water,a0G2G00001956XhUAI,Columbia Tea and Water,2017-11-16T03:48:09.000Z,,0,FALSE,USA,,,FALSE,FALSE,,,TRUE,Columbia Tea and Water Bull Run Spring Water,BRSW,,,,,Non-alcoholic,,,TRUE
,2017-11-14T05:25:28.000Z,a0QA000000GAhrHMAT,FALSE,,2017-11-14T05:25:28.000Z,,,Camas Ginger Ale,a0G2G00001956XhUAI,Columbia Tea and Water,2017-11-16T03:48:09.000Z,,0,FALSE,USA,,,FALSE,FALSE,,,TRUE,Columbia Tea and Water Camas Ginger Ale,CTWCGA,,,,,Non-alcoholic,,,TRUE