CREATEDBYID,CREATEDDATE,ID,ISDELETED,LASTMODIFIEDDATE,LASTREFERENCEDDATE,LASTVIEWEDDATE,NAME,SYSTEMMODSTAMP,GVP__CONTAINER_TYPE__C,GVP__CUSTOM_1__C,GVP__CUSTOM_2__C,GVP__IS_ACTIVE__C,GVP__LITER_VOLUME__C,GVP__PACKAGE_TYPE__C,GVP__PRIMARY_CONVERSION__C,GVP__SECONDARY_CONVERSION__C,GVP__SIZE_KEY__C,GVP__STANDARD_BOTTLES_PER_CASE__C,GVP__X9_LITER_EQV__C
005A0000001YG2cIAG,2012-08-10T18:38:33.000Z,a0jA00000048LmuIAE,FALSE,2015-07-21T20:51:28.000Z,,,1/2,2015-07-21T20:51:28.000Z,DRAFT,,,TRUE,58.673,Keg,6.888888888888,,HALF,,6.5192222222
005A0000001YG2cIAG,2012-08-01T20:22:36.000Z,a0jA00000048BOGIA2,FALSE,2015-07-21T20:51:28.000Z,,,12 oz,2017-11-16T03:48:09.000Z,PACKAGE,,,TRUE,0.354882593,Bottle,0.041666666666,,1212,,0.0394313992
005A0000001YG2cIAG,2011-04-07T15:31:43.000Z,a0jA00000017MsIIAU,FALSE,2015-07-21T20:51:28.000Z,,,500 ml,2015-07-21T20:51:28.000Z,PACKAGE,,,TRUE,0.5,Bottle,0.0555555556,,500,,0.0555555556
005A0000001YG2cIAG,2011-04-07T15:31:43.000Z,a0jA00000017MsKIAU,FALSE,2015-07-21T20:51:28.000Z,,,3 liter,2015-07-21T20:51:28.000Z,PACKAGE,,,TRUE,3,Bottle,0.3333333333,,300,,0.3333333333
005A0000001YG2cIAG,2011-04-07T15:31:43.000Z,a0jA00000017MsFIAU,FALSE,2015-07-21T20:51:28.000Z,,,1.5 liter,2015-07-21T20:51:28.000Z,PACKAGE,,,TRUE,1.5,Bottle,0.1666666667,,150,,0.1666666667
005A0000001YG2cIAG,2012-09-24T18:47:13.000Z,a0jA00000049HxuIAE,FALSE,2015-07-21T20:51:28.000Z,,,1.75 liter,2015-07-21T20:51:28.000Z,PACKAGE,,,TRUE,1.75,Bottle,0.1944444444,,175,,0.1944444444
005A0000001YG2cIAG,2011-04-07T15:31:43.000Z,a0jA00000017MsJIAU,FALSE,2015-07-21T20:51:28.000Z,,,1 liter,2017-10-07T13:08:41.000Z,PACKAGE,,,TRUE,1,Bottle,0.1111111111,,100,,0.1111111111
005A0000001YG2cIAG,2011-04-07T15:31:43.000Z,a0jA00000017MsEIAU,FALSE,2015-07-21T20:51:28.000Z,,,750 ml,2018-05-12T02:20:18.000Z,PACKAGE,,,TRUE,0.75,Bottle,0.0833333333,,750,,0.0833333333
005A0000001YG2cIAG,2011-04-07T15:31:43.000Z,a0jA00000017MsGIAU,FALSE,2015-07-21T20:51:28.000Z,,,Each,2015-07-21T20:51:28.000Z,,,,TRUE,0,,,,EA,,0
005A0000001YG2cIAG,2017-11-14T05:22:54.000Z,a0jA000000CKJHxIAP,FALSE,2017-11-14T05:22:54.000Z,,,16 oz,2017-11-16T03:48:09.000Z,PACKAGE,,,TRUE,0.473176,Bottle,,,1616,,0.0525751111
005A0000001YG2cIAG,2011-04-07T15:31:43.000Z,a0jA00000017MsLIAU,FALSE,2015-07-21T20:51:28.000Z,,,6 liter,2015-07-21T20:51:28.000Z,PACKAGE,,,TRUE,6,Bottle,0.6666666667,,600,,0.6666666667
005A0000001YG2cIAG,2011-04-07T15:31:43.000Z,a0jA00000017MsHIAU,FALSE,2015-07-21T20:51:28.000Z,,,375 ml,2015-07-21T20:51:28.000Z,PACKAGE,,,TRUE,0.375,Bottle,0.0416666667,,375,,0.0416666667