CREATEDDATE,ID,ISDELETED,LASTMODIFIEDDATE,LASTREFERENCEDDATE,LASTVIEWEDDATE,NAME,SYSTEMMODSTAMP,GVP__CATEGORY__C,GVP__CUSTOM_FACT_1__C,GVP__CUSTOM_FACT_2__C,GVP__CUSTOM_FACT_3__C,GVP__CUSTOM_FACT_4__C,GVP__CUSTOM_FACT_5__C,GVP__CUSTOM_TEXT_1__C,GVP__CUSTOM_TEXT_2__C,GVP__CUSTOM_TEXT_3__C,GVP__CUSTOM_TEXT_4__C,GVP__CUSTOM_TEXT_5__C,GVP__EXTERNAL_ID__C,GVP__MULTIPLE_ANSWERS__C,GVP__NAME_WITH_SYMBOL__C,GVP__PRODUCT_ONLY__C,GVP__QUESTION_LIST__C,GVP__QUESTION_TEXT__C,GVP__REFERENCE_TO__C,GVP__SALES_DRIVER__C,GVP__TYPE__C
2016-07-28T21:26:14.000Z,a1SA0000002zKdCMAU,FALSE,2016-07-28T21:26:14.000Z,,,SRB-0000000134,2016-07-28T21:26:14.000Z,,,,,,,,,,,,,FALSE,Is Rose adjacent to our product?[y/n],General,,Is Rose adjacent to our product?,,Default,YesNo
2016-07-28T21:26:42.000Z,a1SA0000002zKdHMAU,FALSE,2016-07-28T21:26:42.000Z,,,SRB-0000000135,2016-07-28T21:26:42.000Z,,,,,,,,,,,,,FALSE,Is Rose adjacent to competitor?[y/n],General,,Is Rose adjacent to competitor?,,Default,YesNo
2017-03-24T23:51:48.000Z,a1SA0000002uOsmMAE,FALSE,2017-03-24T23:51:48.000Z,,,SRB-0000000166,2017-03-25T12:51:02.000Z,All,,,,,,,,,,,,TRUE,What is on tap[m],General,ipa|iipa|stout|ira|porter,What is on tap,,Default,List
2015-11-10T19:20:45.000Z,a1SA0000001kxfBMAQ,FALSE,2015-11-10T22:42:23.000Z,,,SRB-0000000124,2015-11-10T22:42:23.000Z,,,,,,,,,,,,,FALSE,Drs Without Borders Donation Shelf Talker being used?[y/n],General,,Drs Without Borders Donation Shelf Talker being used?,,Default,YesNo
2015-11-10T19:07:21.000Z,a1SA0000001kxf1MAA,FALSE,2015-11-10T19:07:21.000Z,,,SRB-0000000122,2015-11-10T19:07:22.000Z,,,,,,,,,,,,,FALSE,To the right of Absolut?[y/n],General,,To the right of Absolut?,,Default,YesNo
2017-03-29T18:57:52.000Z,a1SA0000002uPGlMAM,FALSE,2017-03-29T18:57:52.000Z,,,SRB-0000000167,2017-03-29T18:57:52.000Z,,,,,,,,,,,,,FALSE,Top of Cold Box?[y/n],General,,Top of Cold Box?,,Default,YesNo
2012-04-20T17:41:10.000Z,a1SA0000000EMWOMA4,FALSE,2015-03-24T23:41:26.000Z,,,SRB-0000000001,2015-03-24T23:41:26.000Z,,,,,,,,,,,,,FALSE,Staff Trained[#],General,,Staff Trained,,Default,Number
2012-04-21T01:38:08.000Z,a1SA0000000EMYPMA4,FALSE,2015-03-24T23:36:29.000Z,,,SRB-0000000009,2015-03-24T23:36:29.000Z,,,,,,,,,,,,,FALSE,How many floors?,Account Only,,How many floors?,,Default,Text
2012-08-01T18:47:49.000Z,a1SA0000000EjaoMAC,FALSE,2015-03-24T23:30:55.000Z,,,SRB-0000000031,2015-03-24T23:30:55.000Z,Beer,,,,,,,,,,,,FALSE,# Total Handles[#],Account Only,,# Total Handles,,Default,Number
2012-08-01T18:48:03.000Z,a1SA0000000EjatMAC,FALSE,2015-03-24T23:28:14.000Z,,,SRB-0000000032,2015-03-24T23:28:14.000Z,Beer,,,,,,,,,,,,FALSE,# Craft Handles[#],Account Only,,# Craft Handles,,Default,Number
2012-08-01T18:49:52.000Z,a1SA0000000EjayMAC,FALSE,2015-03-24T23:30:50.000Z,,,SRB-0000000033,2015-03-24T23:30:50.000Z,Beer,,,,,,,,,,,,FALSE,# Our Handles[#],Account Only,,# Our Handles,,Default,Number
2012-08-01T20:30:55.000Z,a1SA0000000Ejc1MAC,FALSE,2015-03-24T23:38:46.000Z,,,SRB-0000000035,2015-03-24T23:38:46.000Z,,,,,,,,,,,,,FALSE,Pint Price[$],Product Only,,Pint Price,,Default,Currency
2012-07-10T21:14:41.000Z,a1SA0000000Ee7GMAS,FALSE,2015-03-24T23:36:24.000Z,,,SRB-0000000015,2015-03-24T23:36:24.000Z,,,,,,,,,,,,,FALSE,How many cocktail mentions?[#],General,,How many cocktail mentions?,,Default,Number
2012-07-16T17:27:17.000Z,a1SA0000000Eg9aMAC,FALSE,2015-11-10T17:55:50.000Z,,,SRB-0000000017,2015-11-10T17:55:50.000Z,,,,,,,,,,,,,FALSE,Category Leader (most backbar facings)[y/n],Category Only,,Category Leader (most backbar facings),,Default,YesNo
2012-07-16T17:55:43.000Z,a1SA0000000EgAJMA0,FALSE,2015-03-24T23:41:33.000Z,,,SRB-0000000018,2015-11-10T17:52:44.000Z,,,,,,,,,,,,,FALSE,Storage Temp[#],Product Only,,Storage Temp,,Default,Number
2012-07-16T17:20:34.000Z,a1SA0000000Eg96MAC,FALSE,2013-07-02T21:24:11.000Z,,,SRB-0000000016,2013-07-02T21:24:11.000Z,,,,,,,,,,,,,FALSE,Number of Bars[#],Account Only,,Number of Bars,,Default,Number
2012-06-08T13:46:23.000Z,a1SA0000000EXK3MAO,FALSE,2013-07-02T21:23:48.000Z,,,SRB-0000000014,2013-07-02T21:23:48.000Z,,,,,,,,,,,,,FALSE,What color is the building,Account Only,,What color is the building,,Default,Text
2012-08-14T18:19:22.000Z,a1SA0000000EmAFMA0,FALSE,2012-11-28T18:37:00.000Z,,,SRB-0000000039,2012-11-28T18:37:00.000Z,,,,,,,,,,,,,FALSE,# employees on duty[#],General,,# employees on duty,,Default,Number
2016-04-25T22:25:38.000Z,a1SA0000002lxq2MAA,FALSE,2016-04-25T22:25:38.000Z,,,SRB-0000000131,2016-04-25T22:25:38.000Z,,,,,,,,,,,,,FALSE,Is the banner hung above the register?[y/n],General,,Is the banner hung above the register?,,Default,YesNo
2012-07-30T17:35:01.000Z,a1SA0000000Ej22MAC,FALSE,2015-03-24T23:36:19.000Z,,,SRB-0000000029,2015-11-10T17:52:44.000Z,,,,,,,,,,,,,FALSE,How many brands are present?[#],General,,How many brands are present?,,Default,Number
2012-07-30T18:01:00.000Z,a1SA0000000Ej3KMAS,FALSE,2012-11-28T18:36:06.000Z,,,SRB-0000000030,2012-11-28T18:36:06.000Z,,,,,,,,,,,,,TRUE,Main color used on competitor's POS?[m],General,,Main color used on competitor's POS?,,Default,List
2012-07-20T21:38:45.000Z,a1SA0000000EgqwMAC,FALSE,2012-07-20T21:38:45.000Z,,,SRB-0000000022,2012-07-20T21:38:45.000Z,,,,,,,,,,,,,TRUE,What flavors are present?[m],General,,What flavors are present?,,Default,List
2012-09-26T18:11:43.000Z,a1SA0000000EwCoMAK,FALSE,2015-03-24T23:39:03.000Z,,,SRB-0000000049,2015-03-24T23:39:03.000Z,,,,,,,,,,,,,FALSE,Price of most expensive Vodka?[$],Account Only,,Price of most expensive Vodka?,,Default,Currency
2012-07-24T20:10:55.000Z,a1SA0000000EiIlMAK,FALSE,2015-03-24T23:37:00.000Z,,,SRB-0000000025,2015-03-24T23:37:00.000Z,All,,,,,,,,,,,,FALSE,In Store Circular[y/n],Product Only,,In Store Circular,,Default,YesNo
2012-07-24T20:10:23.000Z,a1SA0000000EiIbMAK,FALSE,2015-03-24T23:36:52.000Z,,,SRB-0000000024,2015-11-10T17:52:44.000Z,All,,,,,,,,,,,,FALSE,In Cold Box[y/n],Product Only,,In Cold Box,,Default,YesNo
2012-07-24T20:12:17.000Z,a1SA0000000EiIqMAK,FALSE,2015-03-24T23:40:27.000Z,,,SRB-0000000026,2015-03-24T23:40:27.000Z,All,,,,,,,,,,,,FALSE,Shelf Price[$],Product Only,,Shelf Price,,Default,Currency
2012-07-24T20:13:38.000Z,a1SA0000000EiJ0MAK,FALSE,2013-07-02T21:27:57.000Z,,,SRB-0000000028,2015-03-24T23:32:07.000Z,All,,,,,,,,,,,,FALSE,Have Lock Box[y/n],Account Only,,Have Lock Box,,Default,YesNo
2012-04-20T18:00:56.000Z,a1SA0000000EMWiMAO,FALSE,2015-03-24T23:35:01.000Z,,,SRB-0000000003,2015-03-24T23:35:01.000Z,,,,,,,,,,,,,FALSE,Feature Price[$],Product Only,,Feature Price,,Default,Currency
2012-04-20T17:54:20.000Z,a1SA0000000EMWYMA4,FALSE,2015-03-24T23:40:10.000Z,,,SRB-0000000002,2015-11-10T17:52:44.000Z,,,,,,,,,,,,,FALSE,Shelf Facings[#],Product Only,,Shelf Facings,,Default,Number
2012-04-20T17:40:29.000Z,a1SA0000000EMWJMA4,FALSE,2013-11-12T18:41:24.000Z,,,SRB-0000000000,2015-03-24T23:32:07.000Z,,,,,,,,,,,,,FALSE,Signage Present[y/n],Product Only,,Signage Present,,Default,YesNo
2012-04-20T18:05:16.000Z,a1SA0000000EMWsMAO,FALSE,2013-07-02T21:18:46.000Z,,,SRB-0000000004,2013-07-02T21:18:46.000Z,,,,,,,,,,,,,FALSE,Run Future Promotional Events?[y/n],General,,Run Future Promotional Events?,,Default,YesNo
2012-09-26T18:05:29.000Z,a1SA0000000EwCeMAK,FALSE,2012-11-28T18:38:42.000Z,,,SRB-0000000048,2012-11-28T18:38:42.000Z,,,,,,,,,,,,,TRUE,Three most prominent Vodka Brands?[m],Account Only,,Three most prominent Vodka Brands?,,Default,List
2012-07-24T20:10:03.000Z,a1SA0000000EiIRMA0,FALSE,2015-03-24T23:29:27.000Z,,,SRB-0000000023,2015-11-10T17:52:44.000Z,All,,,,,,,,,,,,FALSE,# of Facings[#],Product Only,,# of Facings,,Default,Number
2014-03-13T15:37:20.000Z,a1SA0000000wPYUMA2,FALSE,2015-03-24T23:38:52.000Z,,,SRB-0000000083,2015-03-24T23:38:52.000Z,,,,,,,,,,,,,TRUE,POS on Display[m],General,Table Tents|Banners|Glorifiers|Ice Buckets,POS on Display,,Default,List
2014-03-13T15:40:29.000Z,a1SA0000000wPYeMAM,FALSE,2015-03-24T23:34:55.000Z,,,SRB-0000000084,2015-03-24T23:34:55.000Z,,,,,,,,,,,,,TRUE,Drink Names?,General,,Drink Names?,,Default,Text
2016-04-25T22:27:23.000Z,a1SA0000002lxq7MAA,FALSE,2016-04-25T22:27:23.000Z,,,SRB-0000000132,2016-04-25T22:27:23.000Z,,,,,,,,,,,,,FALSE,Color of the walls[r],General,Black|White|Green,Color of the walls,,Default,Radio
2012-08-21T16:35:52.000Z,a1SA0000000EoXbMAK,FALSE,2015-03-24T23:36:48.000Z,,,SRB-0000000040,2015-03-24T23:36:48.000Z,,,,,,,,,,,,,FALSE,How much floor space is dedicated to case stacks?[%],General,,How much floor space is dedicated to case stacks?,,Default,Percent
2012-09-26T18:58:51.000Z,a1SA0000000EwDDMA0,FALSE,2013-01-07T21:13:32.000Z,,,SRB-0000000050,2013-01-07T21:13:32.000Z,,,,,,,,,,,,,TRUE,Open on Sundays?[y/n],Account Only,,Open on Sundays?,,Default,YesNo
2012-09-27T20:36:09.000Z,a1SA0000000EwWvMAK,FALSE,2013-07-02T21:22:44.000Z,,,SRB-0000000052,2015-03-24T23:32:07.000Z,All,,,,,,,,,,,,FALSE,Any POS[y/n],Product Only,,Any POS,,Default,YesNo
2012-09-07T20:45:54.000Z,a1SA0000000EsSjMAK,FALSE,2013-07-02T21:33:01.000Z,,,SRB-0000000042,2015-03-24T23:32:07.000Z,,,,,,,,,,,,,FALSE,Has Shelf Talker[y/n],Product Only,,Has Shelf Talker,,Default,YesNo
2012-09-27T20:30:55.000Z,a1SA0000000EwWqMAK,FALSE,2015-03-24T23:28:24.000Z,,,SRB-0000000051,2015-03-24T23:28:25.000Z,All,,,,,,,,,,,,FALSE,# Menu Listings[#],General,,# Menu Listings,,Default,Number
2012-08-24T22:39:53.000Z,a1SA0000000EpCPMA0,FALSE,2015-03-24T23:32:47.000Z,,,SRB-0000000041,2015-03-24T23:32:47.000Z,,,,,,,,,,,,,FALSE,Cases on Display[#],General,,Cases on Display,,Default,Number
2012-08-10T18:51:56.000Z,a1SA0000000ElNmMAK,FALSE,2013-07-02T21:22:31.000Z,,,SRB-0000000038,2015-03-24T23:32:07.000Z,,,,,,,,,,,,,FALSE,Has Neon[x],General,,Has Neon,,Default,Check
2012-05-08T14:48:27.000Z,a1SA0000000EQ1pMAG,FALSE,2015-11-10T17:54:57.000Z,,,SRB-0000000013,2017-04-27T02:59:00.000Z,,,,,,,,,,,,,FALSE,Backbar Facings[#],Product Only,,Backbar Facings,,Default,Number
2012-04-21T01:37:30.000Z,a1SA0000000EMYKMA4,FALSE,2013-07-02T21:19:24.000Z,,,SRB-0000000008,2013-07-02T21:19:24.000Z,,,,,,,,,,,,,FALSE,Test Category,Category Only,,Test Category,,Default,Text
2012-04-23T18:57:13.000Z,a1SA0000000EMeNMAW,FALSE,2013-07-02T21:35:51.000Z,,,SRB-0000000011,2013-07-02T21:35:51.000Z,,,,,,,,,,,,,FALSE,Total Spirits Displays[#],General,,Total Spirits Displays,,Default,Number
2012-04-23T18:56:58.000Z,a1SA0000000EMeIMAW,FALSE,2013-07-02T21:35:41.000Z,,,SRB-0000000010,2013-07-02T21:35:41.000Z,,,,,,,,,,,,,FALSE,Total Wine Displays[#],General,,Total Wine Displays,,Default,Number
2018-12-05T19:31:12.000Z,a1S2K000003ju1yUAA,FALSE,2018-12-05T19:31:12.000Z,,,SRB-0000000211,2018-12-05T19:31:12.000Z,,,,,,,,,,,,,FALSE,On Glorifier?[y/n],General,,On Glorifier?,,Default,YesNo
2012-09-24T18:01:05.000Z,a1SA0000000EvDrMAK,FALSE,2015-03-24T23:40:22.000Z,,,SRB-0000000043,2015-11-10T17:52:44.000Z,,,,,,,,,,,,,FALSE,Shelf Location[m],Product Only,"Top, Eye Level, Waist High, Bottom",Shelf Location,,Default,List
2012-09-24T18:15:23.000Z,a1SA0000000EvE6MAK,FALSE,2015-03-24T23:37:15.000Z,,,SRB-0000000046,2015-11-10T17:52:44.000Z,,,,,,,,,,,,,FALSE,"Is GB Vodka, Gin & Tequila in correct shelf order[y/n]",Account Only,,"Is GB Vodka, Gin & Tequila in correct shelf order",,Default,YesNo
2012-09-24T18:12:23.000Z,a1SA0000000EvE1MAK,FALSE,2015-03-24T23:37:07.000Z,,,SRB-0000000045,2015-11-10T17:52:44.000Z,,,,,,,,,,,,,FALSE,Is GB Vodka adjacent to Ketel One or Grey Goose[m],Account Only,Yes|No,Is GB Vodka adjacent to Ketel One or Grey Goose,,Default,List
2017-11-07T05:57:35.000Z,a1SA00000030vOfMAI,FALSE,2017-11-07T05:57:35.000Z,,,SRB-0000000176,2017-11-07T05:57:35.000Z,,,,,,,,,,,,,FALSE,Budget Amount[$],General,,Budget Amount,,Default,Currency
2017-11-07T05:49:43.000Z,a1SA00000030vOQMAY,FALSE,2017-11-07T05:49:43.000Z,,,SRB-0000000173,2017-11-07T05:49:43.000Z,,,,,,,,,,,,,FALSE,Proper description with food pairing[y/n],General,,Proper description with food pairing,,Default,YesNo
2017-11-07T05:56:44.000Z,a1SA00000030vOaMAI,FALSE,2017-11-07T05:56:44.000Z,,,SRB-0000000175,2017-11-07T05:56:44.000Z,,,,,,,,,,,,,FALSE,Which Program[->],General,,Which Program,gvp__answer_program__c,Default,Lookup
2017-11-07T05:55:40.000Z,a1SA00000030vOVMAY,FALSE,2017-11-07T05:55:40.000Z,,,SRB-0000000174,2017-11-07T05:55:40.000Z,,,,,,,,,,,,,FALSE,New Years Eve Promo Sold In[y/n],General,,New Years Eve Promo Sold In,,Default,YesNo
2017-11-07T05:16:38.000Z,a1SA00000030vO6MAI,FALSE,2017-11-07T05:16:38.000Z,,,SRB-0000000169,2017-11-07T05:16:38.000Z,,,,,,,,,,,,,FALSE,Drink Type[m],General,Martini|Mixed Drink|Straight|Bottle,Drink Type,,Default,List
2017-11-07T05:46:47.000Z,a1SA00000030vOGMAY,FALSE,2017-11-07T05:46:47.000Z,,,SRB-0000000171,2017-11-07T05:46:47.000Z,,,,,,,,,,,,,FALSE,Does account sell wine BTG?[y/n],General,,Does account sell wine BTG?,,Default,YesNo
2017-11-07T05:48:05.000Z,a1SA00000030vOLMAY,FALSE,2017-11-07T05:48:05.000Z,,,SRB-0000000172,2017-11-07T05:48:05.000Z,,,,,,,,,,,,,FALSE,BTG Price[$],General,,BTG Price,,Default,Currency
2017-11-07T05:15:11.000Z,a1SA00000030vO1MAI,FALSE,2017-11-07T05:15:11.000Z,,,SRB-0000000168,2017-11-07T05:15:11.000Z,,,,,,,,,,,,,FALSE,Drink Price[$],General,,Drink Price,,Default,Currency
2017-11-07T06:10:08.000Z,a1SA00000030vOuMAI,FALSE,2017-11-07T06:10:08.000Z,,,SRB-0000000177,2017-11-07T06:10:08.000Z,,,,,,,,,,,,,FALSE,On Tap[->],General,,On Tap,gvp__answer_label__c,Default,Lookup
2017-11-07T05:21:21.000Z,a1SA00000030vOBMAY,FALSE,2017-11-07T05:21:21.000Z,,,SRB-0000000170,2017-11-07T05:21:21.000Z,,,,,,,,,,,,,FALSE,Mention[->],General,,Mention,gvp__answer_label__c,Default,Lookup
2017-11-09T15:09:10.000Z,a1SA00000030w8WMAQ,FALSE,2017-11-09T15:09:10.000Z,,,SRB-0000000178,2017-11-09T15:09:10.000Z,,,,,,,,,,,,,FALSE,On Display[y/n],General,,On Display,,Default,YesNo
2015-03-24T19:45:52.000Z,a1SA0000001900BMAQ,FALSE,2015-03-24T19:45:52.000Z,,,SRB-0000000114,2015-03-24T19:45:52.000Z,,,,,,,,,,,,,FALSE,Total # Bottled Beers in Distribution[#],General,,Total # Bottled Beers in Distribution,,Default,Number
2015-03-24T19:38:40.000Z,a1SA00000018zzwMAA,FALSE,2015-03-24T19:38:40.000Z,,,SRB-0000000113,2015-03-24T19:38:40.000Z,,,,,,,,,,,,,FALSE,Total # Beers in Distribution[#],General,,Total # Beers in Distribution,,Default,Number
2015-03-24T19:37:39.000Z,a1SA00000018zzrMAA,FALSE,2015-03-24T23:32:42.000Z,,,SRB-0000000112,2015-03-24T23:32:42.000Z,,,,,,,,,,,,,FALSE,Bottle Price[$],General,,Bottle Price,,Default,Currency
2015-03-24T22:37:34.000Z,a1SA000000190COMAY,FALSE,2015-03-24T23:31:50.000Z,,,SRB-0000000117,2015-03-24T23:31:50.000Z,,,,,,,,,,,,,FALSE,Advertised?[y/n],General,,Advertised?,,Default,YesNo
2015-03-24T22:21:28.000Z,a1SA000000190ArMAI,FALSE,2015-03-24T23:39:08.000Z,,,SRB-0000000116,2015-03-24T23:39:08.000Z,,,,,,,,,,,,,FALSE,Price Parity with Brand X?[y/n],General,,Price Parity with Brand X?,,Default,YesNo
2015-03-24T22:14:42.000Z,a1SA000000190AhMAI,FALSE,2015-03-24T23:31:09.000Z,,,SRB-0000000115,2015-11-10T17:52:44.000Z,,,,,,,,,,,,,FALSE,Adjacent to brand X?[y/n],General,,Adjacent to brand X?,,Default,YesNo
2015-06-18T18:00:04.000Z,a1SA0000002e66IMAQ,FALSE,2015-06-18T18:00:04.000Z,,,SRB-0000000121,2015-06-18T18:00:04.000Z,,,,,,,,,,,,,FALSE,Unit Price[$],General,,Unit Price,,Default,Currency
2017-11-09T15:22:52.000Z,a1SA00000030w9KMAQ,FALSE,2017-11-09T15:22:52.000Z,,,SRB-0000000184,2017-11-09T15:22:52.000Z,,,,,,,,,,,,,FALSE,Decanter Size[m],General,750ml|1.75L,Decanter Size,,Default,List
2017-11-09T15:16:12.000Z,a1SA00000030w8qMAA,FALSE,2017-11-09T15:16:12.000Z,,,SRB-0000000181,2017-11-09T15:16:12.000Z,,,,,,,,,,,,,FALSE,Type of POS[m],General,Shelf Talker|Poster|Window Signage|Necker|Case Card,Type of POS,,Default,List
2017-11-09T15:16:59.000Z,a1SA00000030w95MAA,FALSE,2017-11-09T15:16:59.000Z,,,SRB-0000000183,2017-11-09T15:16:59.000Z,,,,,,,,,,,,,FALSE,Regular price[$],General,,Regular price,,Default,Currency
2017-11-09T15:12:39.000Z,a1SA00000030w8gMAA,FALSE,2017-11-09T15:12:39.000Z,,,SRB-0000000179,2017-11-09T15:12:39.000Z,,,,,,,,,,,,,FALSE,Location in Store[m],General,Window Display|Cold Box|Counter|Wing Display End of Aisle|End Cap in BWS Dpt,Location in Store,,Default,List
2017-11-09T15:28:59.000Z,a1SA00000030w9eMAA,FALSE,2017-11-09T15:28:59.000Z,,,SRB-0000000186,2017-11-09T15:28:59.000Z,,,,,,,,,,,,,FALSE,Is it a separate placement on Menu[y/n],General,,Is it a separate placement on Menu,,Default,YesNo
2017-11-09T15:16:42.000Z,a1SA00000030w8vMAA,FALSE,2017-11-09T15:16:42.000Z,,,SRB-0000000182,2017-11-09T15:16:42.000Z,,,,,,,,,,,,,FALSE,Featured price[$],General,,Featured price,,Default,Currency
2017-11-09T15:14:11.000Z,a1SA00000030w8lMAA,FALSE,2017-11-09T15:14:11.000Z,,,SRB-0000000180,2017-11-09T15:14:11.000Z,,,,,,,,,,,,,FALSE,# of Cases on Display[m],General,1|2|3|4|5|6|7|8|9|10|10+,# of Cases on Display,,Default,List
2017-11-09T15:24:08.000Z,a1SA00000030w9PMAQ,FALSE,2017-11-09T15:24:08.000Z,,,SRB-0000000185,2017-11-09T15:24:08.000Z,,,,,,,,,,,,,FALSE,On display in “Highly Visibly” location[m],General,Location A|Location B|Location C,On display in “Highly Visibly” location,,Default,List
2013-01-04T22:08:29.000Z,a1SA0000000FH3aMAG,FALSE,2015-03-24T23:30:45.000Z,,,SRB-0000000053,2015-03-24T23:30:45.000Z,All,,,,,,,,,,,,FALSE,# on Display[#],General,,# on Display,,Default,Number
2016-05-24T15:39:16.000Z,a1SA0000002zG6rMAE,FALSE,2016-05-24T15:39:16.000Z,,,SRB-0000000133,2016-05-24T15:39:16.000Z,,,,,,,,,,,,,FALSE,Case Card on Display[y/n],General,,Case Card on Display,,Default,YesNo
2016-04-25T02:21:44.000Z,a1SA0000002lxpRMAQ,FALSE,2016-04-25T02:21:44.000Z,,,SRB-0000000130,2016-04-25T02:21:44.000Z,,,,,,,,,,,,,FALSE,GB Tequila Sunrise[y/n],General,,GB Tequila Sunrise,,Default,YesNo
2016-04-25T02:19:20.000Z,a1SA0000002lxpMMAQ,FALSE,2016-04-25T02:19:20.000Z,,,SRB-0000000129,2016-04-25T02:19:20.000Z,,,,,,,,,,,,,FALSE,6 Apples Martini[y/n],General,,6 Apples Martini,,Default,YesNo
2013-01-22T16:01:42.000Z,a1SA0000000FJNkMAO,FALSE,2015-03-24T23:36:12.000Z,,,SRB-0000000054,2015-11-10T17:52:44.000Z,,,,,,,,,,,,,FALSE,How big is Vodka Shelf[m],General,3|5|9,How big is Vodka Shelf,,Default,List
2016-04-25T02:13:14.000Z,a1SA0000002lxpCMAQ,FALSE,2016-04-25T02:13:14.000Z,,,SRB-0000000127,2016-04-25T02:13:14.000Z,,,,,,,,,,,,,FALSE,Condiment Tray[y/n],General,,Condiment Tray,,Default,YesNo
2016-04-25T02:11:20.000Z,a1SA0000002lxp7MAA,FALSE,2016-04-25T02:11:20.000Z,,,SRB-0000000126,2016-04-25T02:11:20.000Z,,,,,,,,,,,,,FALSE,Glorifier[y/n],General,,Glorifier,,Default,YesNo
2016-04-25T02:10:11.000Z,a1SA0000002lxp2MAA,FALSE,2016-04-25T02:10:11.000Z,,,SRB-0000000125,2016-04-25T02:10:11.000Z,,,,,,,,,,,,,FALSE,On Backbar[y/n],General,,On Backbar,,Default,YesNo
2016-04-25T02:13:43.000Z,a1SA0000002lxpHMAQ,FALSE,2016-04-25T02:13:43.000Z,,,SRB-0000000128,2016-04-25T02:13:43.000Z,,,,,,,,,,,,,FALSE,3L Dummy Bottle[y/n],General,,3L Dummy Bottle,,Default,YesNo
2014-05-12T18:17:22.000Z,a1SA00000015NOoMAM,FALSE,2015-03-24T23:34:47.000Z,,,SRB-0000000086,2015-03-24T23:34:47.000Z,,,,,,,,,,,,,FALSE,Displayed?[y/n],General,,Displayed?,,Default,YesNo
2013-02-27T22:39:29.000Z,a1SA0000000FO2VMAW,FALSE,2013-02-27T22:39:29.000Z,,,SRB-0000000056,2017-10-07T13:08:41.000Z,,,,,,,,,,,,,TRUE,Is the Brand in Distribution?[y/n],General,,Is the Brand in Distribution?,,Default,YesNo
2013-04-28T15:33:07.000Z,a1SA0000000FY85MAG,FALSE,2015-03-24T23:35:05.000Z,,,SRB-0000000061,2015-03-24T23:35:05.000Z,,,,,,,,,,,,,FALSE,Feature Price[$],General,,Feature Price,,Default,Currency
2013-04-28T15:10:12.000Z,a1SA0000000FY7qMAG,FALSE,2015-03-24T23:40:05.000Z,,,SRB-0000000059,2015-11-10T17:52:44.000Z,,,,,,,,,,,,,FALSE,Share of Bottle Shelf[%],General,,Share of Bottle Shelf,,Default,Percent
2013-04-28T15:08:07.000Z,a1SA0000000FY7lMAG,FALSE,2015-03-24T23:39:59.000Z,,,SRB-0000000058,2015-11-10T17:52:44.000Z,,,,,,,,,,,,,FALSE,Serving Temp[m],General,Hot|Warm|Cold,Serving Temp,,Default,List
2013-04-28T15:35:34.000Z,a1SA0000000FY8FMAW,FALSE,2013-04-28T15:35:34.000Z,,,SRB-0000000062,2015-03-24T23:32:07.000Z,,,,,,,,,,,,,FALSE,Size of Outlet[m],General,Small|Medium|Large,Size of Outlet,,Default,List
2013-03-21T17:17:21.000Z,a1SA0000000FSR4MAO,FALSE,2015-03-24T23:36:41.000Z,,,SRB-0000000057,2015-03-24T23:36:41.000Z,,,,,,,,,,,,,FALSE,How many vodka displays in the store?[#],General,,How many vodka displays in the store?,,Default,Number
2017-11-09T15:33:00.000Z,a1SA00000030w9oMAA,FALSE,2017-11-09T15:33:00.000Z,,,SRB-0000000187,2017-11-09T15:33:00.000Z,,,,,,,,,,,,,FALSE,Bottle Size[m],General,750ml|1.0L,Bottle Size,,Default,List
2015-03-09T16:27:47.000Z,a1SA00000018qXJMAY,FALSE,2015-03-09T16:27:47.000Z,,,SRB-0000000105,2015-03-09T16:27:47.000Z,,,,,,,,,,,,,FALSE,Percentage[%],General,,Percentage,,Default,Percent
2015-03-09T16:27:24.000Z,a1SA00000018qXEMAY,FALSE,2015-03-09T16:27:24.000Z,,,SRB-0000000104,2015-03-09T16:27:25.000Z,,,,,,,,,,,,,FALSE,Radio[r],General,Yes|Yes|No|Maybe,Radio,,Default,Radio
2014-05-28T20:56:43.000Z,a1SA00000015ccgMAA,FALSE,2015-03-24T23:39:12.000Z,,,SRB-0000000088,2015-11-10T17:52:44.000Z,,,,,,,,,,,,,FALSE,Proper Location?[y/n],General,,Proper Location?,,Default,YesNo
2014-05-28T20:57:59.000Z,a1SA00000015ccqMAA,FALSE,2015-03-24T23:40:15.000Z,,,SRB-0000000089,2015-11-10T17:52:44.000Z,,,,,,,,,,,,,FALSE,Shelf Level?[m],General,Front Row|Middle Row|Top Row,Shelf Level?,,Default,List
2014-05-28T21:04:55.000Z,a1SA00000015ccvMAA,FALSE,2015-03-24T23:39:46.000Z,,,SRB-0000000090,2015-03-24T23:39:46.000Z,,,,,,,,,,,,,FALSE,Recipe,General,,Recipe,,Default,Text
2017-11-09T15:35:31.000Z,a1SA00000030wA3MAI,FALSE,2017-11-09T15:35:31.000Z,,,SRB-0000000189,2017-11-09T15:35:31.000Z,,,,,,,,,,,,,FALSE,Menu Type[m],General,Margarita|Base Spirit Cocktail|Bottle Menu|Martini|Punch,Menu Type,,Default,List
2017-11-09T15:33:48.000Z,a1SA00000030w9tMAA,FALSE,2017-11-09T15:33:48.000Z,,,SRB-0000000188,2017-11-09T15:33:48.000Z,,,,,,,,,,,,,FALSE,# of drinks on menu[m],General,1|2|3|4|5,# of drinks on menu,,Default,List
2013-06-13T19:49:00.000Z,a1SA0000000FcL3MAK,FALSE,2015-03-24T23:38:30.000Z,,,SRB-0000000063,2015-11-10T17:52:44.000Z,,,,,,,,,,,,,FALSE,On Front Row on Backbar?[y/n],General,,On Front Row on Backbar?,,Default,YesNo
2013-06-27T19:24:28.000Z,a1SA0000000FfAlMAK,FALSE,2013-06-27T19:24:28.000Z,,,SRB-0000000066,2013-06-27T19:24:28.000Z,,,,,,,,,,,,,FALSE,Rate our customer service[m],General,Poor|Average|Excellent,Rate our customer service,,Default,List
2016-09-21T23:30:38.000Z,a1SA0000002u0ShMAI,FALSE,2016-09-21T23:30:38.000Z,,,SRB-0000000142,2016-09-21T23:30:38.000Z,,,,,,,,,,,,,FALSE,Que tipo de reja tiene el local?[m],General,Reja todo el día|Reja sólo de noche|No tiene reja,Que tipo de reja tiene el local?,,Default,List
2016-09-21T23:34:40.000Z,a1SA0000002u0TBMAY,FALSE,2016-09-21T23:34:40.000Z,,,SRB-0000000144,2016-09-21T23:34:40.000Z,,,,,,,,,,,,,FALSE,A quien le compras nuestros Vinos?[m],General,VCT|Peumo|Colchagua|Killcura|Zapata|Portugal|Cavalieri,A quien le compras nuestros Vinos?,,Default,List
2016-09-21T23:32:27.000Z,a1SA0000002u0SmMAI,FALSE,2016-09-21T23:32:27.000Z,,,SRB-0000000143,2016-09-21T23:32:27.000Z,,,,,,,,,,,,,FALSE,Cuanto compra semanal en VINOS[$],General,,Cuanto compra semanal en VINOS,,Default,Currency
2016-09-21T23:40:32.000Z,a1SA0000002u0TQMAY,FALSE,2016-09-21T23:40:32.000Z,,,SRB-0000000147,2016-09-21T23:40:32.000Z,,,,,,,,,,,,,FALSE,A quién le compras nuestras Cervezas?[m],General,VCT|Puemo|Killcura|Santa Maria,A quién le compras nuestras Cervezas?,,Default,List
2016-09-21T23:44:35.000Z,a1SA0000002u0TVMAY,FALSE,2016-09-21T23:44:35.000Z,,,SRB-0000000148,2016-09-21T23:44:35.000Z,,,,,,,,,,,,,FALSE,Hay coolers nuestros?[y/n],General,,Hay coolers nuestros?,,Default,YesNo
2016-09-21T23:39:15.000Z,a1SA0000002u0TLMAY,FALSE,2016-09-21T23:39:15.000Z,,,SRB-0000000146,2016-09-21T23:39:15.000Z,,,,,,,,,,,,,FALSE,Cuanto compra semanal en CERVEZA PREMIUM?[$],General,,Cuanto compra semanal en CERVEZA PREMIUM?,,Default,Currency
2016-09-21T23:36:57.000Z,a1SA0000002u0TGMAY,FALSE,2016-09-21T23:36:57.000Z,,,SRB-0000000145,2016-09-21T23:36:57.000Z,,,,,,,,,,,,,FALSE,Cuanto compra semanal[$],General,,Cuanto compra semanal,,Default,Currency
2016-09-21T23:45:49.000Z,a1SA0000002u0TaMAI,FALSE,2016-09-21T23:45:49.000Z,,,SRB-0000000149,2016-09-21T23:45:49.000Z,,,,,,,,,,,,,FALSE,Cuántos coolers los nuestros?[#],General,,Cuántos coolers los nuestros?,,Default,Number
2016-09-21T23:23:46.000Z,a1SA0000002u0SSMAY,FALSE,2016-09-21T23:23:46.000Z,,,SRB-0000000140,2016-09-21T23:23:46.000Z,,,,,,,,,,,,,FALSE,Metros del Lineal de VINOS & LICORES (SIN contar cervezas y coolers)[#],General,,Metros del Lineal de VINOS & LICORES (SIN contar cervezas y coolers),,Default,Number
2016-09-21T23:17:41.000Z,a1SA0000002u0SDMAY,FALSE,2016-09-21T23:17:41.000Z,,,SRB-0000000137,2016-09-21T23:17:41.000Z,,,,,,,,,,,,,FALSE,Existe autoservicio de VINOS en el local?[y/n],General,,Existe autoservicio de VINOS en el local?,,Default,YesNo
2016-09-21T23:21:39.000Z,a1SA0000002u0SNMAY,FALSE,2016-09-21T23:21:39.000Z,,,SRB-0000000139,2016-09-21T23:21:39.000Z,,,,,,,,,,,,,FALSE,Bandejas - Vinos MASIVOS[#],General,,Bandejas - Vinos MASIVOS,,Default,Number
2016-09-21T23:21:06.000Z,a1SA0000002u0SIMAY,FALSE,2016-09-21T23:21:06.000Z,,,SRB-0000000138,2016-09-21T23:21:06.000Z,,,,,,,,,,,,,FALSE,Bandejas - TOTAL Vinos[#],General,,Bandejas - TOTAL Vinos,,Default,Number
2016-09-22T00:00:33.000Z,a1SA0000002u0TfMAI,FALSE,2016-09-22T00:00:33.000Z,,,SRB-0000000150,2016-09-22T00:00:33.000Z,,,,,,,,,,,,,FALSE,(VINOS 3/4) Al menos un material POP[y/n],General,,(VINOS 3/4) Al menos un material POP,,Default,YesNo
2016-09-22T00:02:56.000Z,a1SA0000002u0TuMAI,FALSE,2016-09-22T00:02:56.000Z,,,SRB-0000000153,2016-09-22T00:02:56.000Z,,,,,,,,,,,,,FALSE,(MASIVOS) al menos un material POP[y/n],General,,(MASIVOS) al menos un material POP,,Default,YesNo
2016-09-22T00:01:26.000Z,a1SA0000002u0TkMAI,FALSE,2016-09-22T00:01:26.000Z,,,SRB-0000000151,2016-09-22T00:01:26.000Z,,,,,,,,,,,,,FALSE,Cuántas POP[#],General,,Cuántas POP,,Default,Number
2016-09-22T00:02:30.000Z,a1SA0000002u0TpMAI,FALSE,2016-09-22T00:02:30.000Z,,,SRB-0000000152,2016-09-22T00:02:30.000Z,,,,,,,,,,,,,FALSE,"Flejes precios, al menos de CDD y Frontera Premium[y/n]",General,,"Flejes precios, al menos de CDD y Frontera Premium",,Default,YesNo
2016-09-22T00:11:42.000Z,a1SA0000002u0UiMAI,FALSE,2016-09-22T00:11:42.000Z,,,SRB-0000000162,2016-09-22T00:11:42.000Z,,,,,,,,,,,,,FALSE,En distribución[x],General,,En distribución,,Default,Check
2016-09-22T00:03:49.000Z,a1SA0000002u0TzMAI,FALSE,2016-09-22T00:03:49.000Z,,,SRB-0000000154,2016-09-22T00:03:49.000Z,,,,,,,,,,,,,FALSE,(MASIVOS) Flejes Precio al menos para Clos Botellón y Tetra y Exportación Selecto[y/n],General,,(MASIVOS) Flejes Precio al menos para Clos Botellón y Tetra y Exportación Selecto,,Default,YesNo
2016-09-22T00:05:11.000Z,a1SA0000002u0U4MAI,FALSE,2016-09-22T00:05:11.000Z,,,SRB-0000000155,2016-09-22T00:05:11.000Z,,,,,,,,,,,,,FALSE,(VINOS 3/4) CDD >= Misiones RVA dorado[y/n],General,,(VINOS 3/4) CDD >= Misiones RVA dorado,,Default,YesNo
2016-09-22T00:05:57.000Z,a1SA0000002u0UEMAY,FALSE,2016-09-22T00:05:57.000Z,,,SRB-0000000157,2016-09-22T00:05:57.000Z,,,,,,,,,,,,,FALSE,SELECTO >= al maximo entre GRAN 120 y GATO[y/n],General,,SELECTO >= al maximo entre GRAN 120 y GATO,,Default,YesNo
2016-09-22T00:06:34.000Z,a1SA0000002u0UJMAY,FALSE,2016-09-22T00:06:34.000Z,,,SRB-0000000158,2016-09-22T00:06:34.000Z,,,,,,,,,,,,,FALSE,al menos 2 caras de TOCORNAL[y/n],General,,al menos 2 caras de TOCORNAL,,Default,YesNo
2016-09-22T00:05:38.000Z,a1SA0000002u0U9MAI,FALSE,2016-09-22T00:05:38.000Z,,,SRB-0000000156,2016-09-22T00:05:38.000Z,,,,,,,,,,,,,FALSE,Santa Emiliana + Frontera Premium >= al máximo entre Misiones Varietal y Carmen Varietal[y/n],General,,Santa Emiliana + Frontera Premium >= al máximo entre Misiones Varietal y Carmen Varietal,,Default,YesNo
2016-09-22T00:09:28.000Z,a1SA0000002u0UYMAY,FALSE,2016-09-22T00:09:28.000Z,,,SRB-0000000161,2016-09-22T00:09:28.000Z,,,,,,,,,,,,,FALSE,Afiche cualquier marca o campaña[y/n],General,,Afiche cualquier marca o campaña,,Default,YesNo
2016-09-22T00:07:57.000Z,a1SA0000002u0UOMAY,FALSE,2016-09-22T00:07:57.000Z,,,SRB-0000000159,2016-09-22T00:07:57.000Z,,,,,,,,,,,,,FALSE,Fleje precio con o sin Cooler[y/n],General,,Fleje precio con o sin Cooler,,Default,YesNo
2016-09-22T00:08:22.000Z,a1SA0000002u0UTMAY,FALSE,2016-09-22T00:08:22.000Z,,,SRB-0000000160,2016-09-22T00:08:22.000Z,,,,,,,,,,,,,FALSE,si hay cooler VCT al menos un 75% de productos nuestros[y/n],General,,si hay cooler VCT al menos un 75% de productos nuestros,,Default,YesNo
2013-07-02T20:39:58.000Z,a1SA0000000FmYAMA0,FALSE,2013-07-02T20:39:58.000Z,,,SRB-0000000068,2013-07-02T20:39:59.000Z,,,,,,,,,,,,,FALSE,In Distribution?[y/n],General,,In Distribution?,,Default,YesNo
2013-07-02T21:07:05.000Z,a1SA0000000FmaQMAS,FALSE,2015-03-24T23:38:35.000Z,,,SRB-0000000073,2015-03-24T23:38:35.000Z,,,,,,,,,,,,,FALSE,On Handle?[y/n],General,,On Handle?,,Default,YesNo
2013-07-02T20:58:08.000Z,a1SA0000000FmZcMAK,FALSE,2015-11-10T17:53:21.000Z,,,SRB-0000000071,2015-11-10T17:53:21.000Z,,,,,,,,,,,,,FALSE,Quality of Drinks[m],General,Custom Signature Cocktails|Classic Cocktails|Basic Mixed Drinks|Beer & Wine Focus,Quality of Drinks,,Default,List
2013-07-02T20:55:06.000Z,a1SA0000000FmZIMA0,FALSE,2013-07-02T20:55:06.000Z,,,SRB-0000000070,2015-03-24T23:32:07.000Z,,,,,,,,,,,,,FALSE,Total # Drinks on Menu[#],General,,Total # Drinks on Menu,,Default,Number
2013-07-02T21:25:04.000Z,a1SA0000000FmbxMAC,FALSE,2015-03-24T23:39:19.000Z,,,SRB-0000000074,2015-11-10T17:52:44.000Z,,,,,,,,,,,,,FALSE,Proper Shelf Location?[y/n],General,,Proper Shelf Location?,,Default,YesNo
2013-07-02T20:49:09.000Z,a1SA0000000FmYoMAK,FALSE,2015-03-24T23:32:20.000Z,,,SRB-0000000069,2015-03-24T23:32:20.000Z,,,,,,,,,,,,,FALSE,Approved Recipe?[x],General,,Approved Recipe?,,Default,Check
2013-07-02T21:01:03.000Z,a1SA0000000FmZwMAK,FALSE,2015-03-24T23:39:52.000Z,,,SRB-0000000072,2015-03-24T23:39:52.000Z,,,,,,,,,,,,,FALSE,Served BTG?[y/n],General,,Served BTG?,,Default,YesNo
2018-10-26T08:35:13.000Z,a1SA0000004k9amMAA,FALSE,2018-10-26T08:35:13.000Z,,,SRB-0000000210,2018-10-26T08:35:13.000Z,,,,,,,,,,,,,FALSE,Is Available?[->],General,,Is Available?,gvp__answer_label__c,Default,Lookup
2013-08-19T18:04:40.000Z,a1SA0000000soVJMAY,FALSE,2016-01-14T21:14:44.000Z,,,SRB-0000000075,2016-01-14T21:14:44.000Z,,,,,,,,,,,,,FALSE,Neon signs allowed?[y/n],Account Only,,Neon signs allowed?,,Default,YesNo
2015-05-19T16:20:48.000Z,a1SA0000002dnaxMAA,FALSE,2015-05-19T16:20:48.000Z,,,SRB-0000000118,2015-05-19T16:20:48.000Z,,,,,,,,,,,,,FALSE,6 Pack Price[$],General,,6 Pack Price,,Default,Currency
2015-05-19T16:27:59.000Z,a1SA0000002dnblMAA,FALSE,2015-05-19T16:27:59.000Z,,,SRB-0000000119,2015-05-19T16:27:59.000Z,,,,,,,,,,,,,FALSE,Comments,General,,Comments,,Default,Text
2016-09-26T03:23:17.000Z,a1SA0000002u0mwMAA,FALSE,2016-09-26T03:23:17.000Z,,,SRB-0000000163,2018-04-27T02:25:35.000Z,,,,,,,,,,,,,FALSE,On Cocktail Menu?[y/n],General,,On Cocktail Menu?,,Default,YesNo
2016-09-26T03:24:04.000Z,a1SA0000002u0n1MAA,FALSE,2016-09-26T03:24:04.000Z,,,SRB-0000000164,2016-09-26T03:24:04.000Z,,,,,,,,,,,,,FALSE,In Signature Margarita?[y/n],General,,In Signature Margarita?,,Default,YesNo
2015-01-16T16:35:36.000Z,a1SA00000018GM2MAM,FALSE,2015-01-16T16:35:36.000Z,,,SRB-0000000092,2015-01-16T16:35:36.000Z,,,,,,,,,,,,,FALSE,Category of Store[m],General,A|A|B|C|D,Category of Store,,Default,List
2015-01-16T16:40:21.000Z,a1SA00000018GMRMA2,FALSE,2015-03-24T23:43:07.000Z,,,SRB-0000000097,2015-03-24T23:43:07.000Z,,,,,,,,,,,,,FALSE,Who owns Endcap Entrance Right[m],General,Us|Competitor|Multiple|N/A,Who owns Endcap Entrance Right,,Default,List
2015-01-16T16:38:19.000Z,a1SA00000018GMHMA2,FALSE,2015-03-24T23:34:20.000Z,,,SRB-0000000095,2015-11-10T17:52:44.000Z,,,,,,,,,,,,,FALSE,Cold Box Location[m],General,on Aisle|on Aisle|next Aisle over|other part of Store|Visible from Aisle|None,Cold Box Location,,Default,List
2015-01-16T16:38:48.000Z,a1SA00000018GMMMA2,FALSE,2015-03-24T23:36:35.000Z,,,SRB-0000000096,2015-03-24T23:36:35.000Z,,,,,,,,,,,,,FALSE,How many of our products on aisle?[#],General,,How many of our products on aisle?,,Default,Number
2015-01-16T16:49:38.000Z,a1SA00000018GMxMAM,FALSE,2015-03-24T23:38:57.000Z,,,SRB-0000000101,2015-03-24T23:38:57.000Z,,,,,,,,,,,,,FALSE,POS on Shelf?[y/n],General,,POS on Shelf?,,Default,YesNo
2015-01-16T16:36:40.000Z,a1SA00000018GM7MAM,FALSE,2015-01-16T16:36:40.000Z,,,SRB-0000000093,2015-01-16T16:36:40.000Z,,,,,,,,,,,,,FALSE,# of Sets[m],General,<10|<10|10-20|20-30,# of Sets,,Default,List
2015-01-16T16:37:15.000Z,a1SA00000018GMCMA2,FALSE,2015-03-24T23:34:26.000Z,,,SRB-0000000094,2015-11-10T17:52:44.000Z,,,,,,,,,,,,,FALSE,Cold Box on Aisle[x],General,,Cold Box on Aisle,,Default,Check
2015-01-16T16:42:13.000Z,a1SA00000018GMsMAM,FALSE,2015-03-24T23:43:17.000Z,,,SRB-0000000100,2015-03-24T23:43:17.000Z,,,,,,,,,,,,,FALSE,Who owns Endcap Back Right[m],General,Us|Competitor|Multiple|N/A,Who owns Endcap Back Right,,Default,List
2015-01-16T16:42:00.000Z,a1SA00000018GMnMAM,FALSE,2015-03-24T23:43:21.000Z,,,SRB-0000000099,2015-03-24T23:43:21.000Z,,,,,,,,,,,,,FALSE,Who owns Endcap Back Left[m],General,Us|Competitor|Multiple|N/A,Who owns Endcap Back Left,,Default,List
2015-01-16T16:41:27.000Z,a1SA00000018GMcMAM,FALSE,2015-03-24T23:43:12.000Z,,,SRB-0000000098,2015-03-24T23:43:12.000Z,,,,,,,,,,,,,FALSE,Who owns Endcap Entrance Left[m],General,Us|Competitor|Multiple|N/A,Who owns Endcap Entrance Left,,Default,List
2016-09-26T17:19:07.000Z,a1SA0000002u0u8MAA,FALSE,2016-09-26T17:19:07.000Z,,,SRB-0000000165,2017-01-16T11:51:26.000Z,,,,,,,,,,,,,FALSE,Does St. James Wine Co. have at least 4 wines on the list?[y/n],General,,Does St. James Wine Co. have at least 4 wines on the list?,,Default,YesNo
2015-05-28T19:06:44.000Z,a1SA0000002dtFsMAI,FALSE,2015-05-28T19:06:44.000Z,,,SRB-0000000120,2015-05-28T19:06:44.000Z,,,,,,,,,,,,,FALSE,Rate the Backbar at the Account[m],General,1|1|2|3|4|5,Rate the Backbar at the Account,,Default,List
2013-09-25T17:07:04.000Z,a1SA0000000tSIVMA2,FALSE,2015-03-24T23:43:28.000Z,,,SRB-0000000076,2015-11-10T17:52:44.000Z,,,,,,,,,,,,,FALSE,What's the Shelf Position?[m],General,Eye Level|Above|Below,What's the Shelf Position?,,Default,List
2013-10-08T21:21:29.000Z,a1SA0000000tt4qMAA,FALSE,2015-03-24T23:38:13.000Z,,,SRB-0000000077,2015-03-24T23:38:13.000Z,Rum,,,,,,,,,,,,FALSE,Number of 2nd tier items[#],Product Only,,Number of 2nd tier items,,Default,Number
2013-10-09T20:26:04.000Z,a1SA0000000tttAMAQ,FALSE,2013-10-09T20:26:04.000Z,,,SRB-0000000078,2015-03-24T23:32:07.000Z,,,,,,,,,,,,,FALSE,Neon Sign in Backbar[y/n],General,,Neon Sign in Backbar,,Default,YesNo
2014-10-30T17:43:07.000Z,a1SA00000017QBjMAM,FALSE,2015-11-10T22:39:54.000Z,,,SRB-0000000091,2015-11-10T22:39:54.000Z,,,,,,,,,,,,,FALSE,Account up to brand standards[y/n],Account Only,,Account up to brand standards,,Default,YesNo
2013-11-13T15:42:43.000Z,a1SA0000000uAViMAM,FALSE,2013-11-13T15:42:43.000Z,,,SRB-0000000079,2015-03-24T23:32:07.000Z,,,,,,,,,,,,,FALSE,Use Test[y/n],General,,Use Test,,Default,YesNo
2013-11-13T17:19:19.000Z,a1SA0000000uAWCMA2,FALSE,2013-11-13T17:19:19.000Z,,,SRB-0000000080,2015-03-24T23:32:07.000Z,,,,,,,,,,,,,FALSE,Use Floor Rack?[y/n],General,,Use Floor Rack?,,Default,YesNo
2013-11-13T17:33:57.000Z,a1SA0000000uAWRMA2,FALSE,2013-11-13T17:33:57.000Z,,,SRB-0000000081,2015-03-24T23:32:07.000Z,,,,,,,,,,,,,FALSE,Using Holiday Rack[y/n],General,,Using Holiday Rack,,Default,YesNo
2017-11-30T23:29:40.000Z,a1SA000000311gPMAQ,FALSE,2017-11-30T23:29:40.000Z,,,SRB-0000000190,2017-11-30T23:29:40.000Z,,,,,,,,,,,,,FALSE,What colors?[m],Product Only,blue|red|purple,What colors?,,Default,List
2017-12-05T18:34:54.000Z,a1SA000000312nOMAQ,FALSE,2017-12-05T18:34:54.000Z,,,SRB-0000000191,2017-12-05T18:34:54.000Z,,,,,,,,,,,,,FALSE,Bottle Menu?[y/n],General,,Bottle Menu?,,Default,YesNo
2018-05-08T08:18:25.000Z,a1SA0000003Q4afMAC,FALSE,2018-05-08T08:18:25.000Z,,,SRB-0000000209,2018-05-08T08:18:25.000Z,,,,,,,,,,,,,FALSE,Key Product Distribution[->],General,,Key Product Distribution,gvp__answer_label__c,Default,Lookup
2018-05-03T23:13:05.000Z,a1SA0000003Q4CJMA0,FALSE,2018-05-03T23:13:05.000Z,,,SRB-0000000198,2018-05-03T23:13:05.000Z,,,,,,,,,,,,,FALSE,Average consumer age?[m],General,LDA to 30|31 to 40|41 to 50|Over 50,Average consumer age?,,Default,List
2018-05-03T23:47:29.000Z,a1SA0000003Q4CsMAK,FALSE,2018-05-03T23:47:29.000Z,,,SRB-0000000205,2018-05-03T23:47:29.000Z,,,,,,,,,,,,,FALSE,NBA Playoff Program being executed?[y/n],General,,NBA Playoff Program being executed?,,Default,YesNo
2018-05-03T23:03:49.000Z,a1SA0000003Q4BzMAK,FALSE,2018-05-03T23:03:49.000Z,,,SRB-0000000194,2018-05-03T23:03:49.000Z,,,,,,,,,,,,,FALSE,How many separate bars are in the account?[#],General,,How many separate bars are in the account?,,Default,Number
2018-05-03T23:20:48.000Z,a1SA0000003Q4CTMA0,FALSE,2018-05-03T23:20:48.000Z,,,SRB-0000000200,2018-05-03T23:20:48.000Z,,,,,,,,,,,,,FALSE,On Tap?[y/n],General,,On Tap?,,Default,YesNo
2018-05-03T23:51:47.000Z,a1SA0000003Q4CxMAK,FALSE,2018-05-03T23:51:47.000Z,,,SRB-0000000206,2018-05-03T23:51:47.000Z,,,,,,,,,,,,,FALSE,At least 2 types available?[y/n],General,,At least 2 types available?,,Default,YesNo
2018-05-03T23:00:03.000Z,a1SA0000003Q4BpMAK,FALSE,2018-05-03T23:00:03.000Z,,,SRB-0000000192,2018-05-03T23:00:03.000Z,,,,,,,,,,,,,FALSE,Does the account allow sampling?[y/n],General,,Does the account allow sampling?,,Default,YesNo
2018-05-03T23:20:04.000Z,a1SA0000003Q4COMA0,FALSE,2018-05-03T23:20:04.000Z,,,SRB-0000000199,2018-05-03T23:20:04.000Z,,,,,,,,,,,,,FALSE,Pint Price[$],General,,Pint Price,,Default,Currency
2018-05-03T23:02:27.000Z,a1SA0000003Q4BuMAK,FALSE,2018-05-03T23:02:27.000Z,,,SRB-0000000193,2018-05-03T23:02:27.000Z,,,,,,,,,,,,,FALSE,Does the account allow Neon Signs?[y/n],General,,Does the account allow Neon Signs?,,Default,YesNo
2018-05-03T23:07:30.000Z,a1SA0000003Q4CEMA0,FALSE,2018-05-03T23:07:30.000Z,,,SRB-0000000197,2018-05-03T23:07:30.000Z,,,,,,,,,,,,,FALSE,How many Imports on tap?[#],General,,How many Imports on tap?,,Default,Number
2018-05-03T23:34:30.000Z,a1SA0000003Q4CdMAK,FALSE,2018-05-03T23:34:30.000Z,,,SRB-0000000202,2018-05-03T23:34:30.000Z,,,,,,,,,,,,,FALSE,Are buckets featured on table tent?[y/n],General,,Are buckets featured on table tent?,,Default,YesNo
2018-05-03T23:06:10.000Z,a1SA0000003Q4C4MAK,FALSE,2018-05-03T23:06:10.000Z,,,SRB-0000000195,2018-05-03T23:06:10.000Z,,,,,,,,,,,,,FALSE,How many taps on each bar?[#],General,,How many taps on each bar?,,Default,Number
2018-05-03T23:32:43.000Z,a1SA0000003Q4CYMA0,FALSE,2018-05-03T23:32:43.000Z,,,SRB-0000000201,2018-05-03T23:32:43.000Z,,,,,,,,,,,,,FALSE,Are 6 bottle buckets in use?[y/n],General,,Are 6 bottle buckets in use?,,Default,YesNo
2018-05-03T23:39:35.000Z,a1SA0000003Q4CnMAK,FALSE,2018-05-03T23:39:35.000Z,,,SRB-0000000204,2018-05-03T23:39:35.000Z,,,,,,,,,,,,,FALSE,Staff wearing branded shirts?[y/n],General,,Staff wearing branded shirts?,,Default,YesNo
2018-05-03T23:57:20.000Z,a1SA0000003Q4D2MAK,FALSE,2018-05-03T23:57:20.000Z,,,SRB-0000000207,2018-05-03T23:57:20.000Z,,,,,,,,,,,,,FALSE,Does NAB have more than 2 products on Handles?[y/n],General,,Does NAB have more than 2 products on Handles?,,Default,YesNo
2018-05-03T23:06:50.000Z,a1SA0000003Q4C9MAK,FALSE,2018-05-03T23:06:50.000Z,,,SRB-0000000196,2018-05-03T23:06:50.000Z,,,,,,,,,,,,,FALSE,Any Craft on tap?[y/n],General,,Any Craft on tap?,,Default,YesNo
2018-05-03T23:38:22.000Z,a1SA0000003Q4CiMAK,FALSE,2018-05-03T23:38:22.000Z,,,SRB-0000000203,2018-05-03T23:38:22.000Z,,,,,,,,,,,,,FALSE,NBA Playoff Price Special advertised with posters?[y/n],General,,NBA Playoff Price Special advertised with posters?,,Default,YesNo